ID,Name,B_Date,Gotra,Occupation,City,Height,BioData,Photo
1,Harish Kotkar,11-May-2020 10.10 PM,AA,BB,CC,DD, , 
1,Harish Kotkar,11-May-2020 10.10 PM,AA,BB,CC,DD, , 
1,Harish Kotkar,11-May-2020 10.10 PM,AA,BB,CC,DD, , 
1,Harish Kotkar,11-May-2020 10.10 PM,AA,BB,CC,DD, , 
1,Harish Kotkar,11-May-2020 10.10 PM,AA,BB,CC,DD, , 
1,Harish Kotkar,11-May-2020 10.10 PM,AA,BB,CC,DD, , 
1,Harish Kotkar,11-May-2020 10.10 PM,AA,BB,CC,DD, , 
1,Harish Kotkar,11-May-2020 10.10 PM,AA,BB,CC,DD, , 
1,Harish Kotkar,11-May-2020 10.10 PM,AA,BB,CC,DD, , 
