Id, नाव, तारीख, गोत्र, व्यवसाय, शहर, उंची, बायोडाटा, फोटो
1, हरीश कोतकर, 11-मे -2020 10.10, काशैप, अभियंता, मुंबई, 5'5 '',
2, हरीश कोतकर, 11-मे -2020 10.10, काशैप, अभियंता, पुणे, 5'5 '' ,,,
3, हरीश कोतकर, 11-मे -2020 10.10, काशैप, अभियंता, नाशिक, 5'5 '' ,,,
4, हरीश कोतकर, 11-मे -2020 10.10, काशैप, अभियंता, नागपूर, 5'5 '' ,,
5, हरीश कोतकर, 11-मे -2020 10.10, काशैप, अभियंता, औरंगाबाद, 5'5 '',
6, हरीश कोतकर, 11-मे -2020 10.10, काशैप, अभियंता, धुळे, 5'5 '' ,,,
7, हरीश कोतकर, 11-मे -2020 10.10, काशैप, अभियंता, जळगाव, 5'5 '' ,,,
8, हरीश कोतकर, 11-मे -2020 10.10, काशैप, अभियंता, नंदुरबार, 5'5 '' ,,,
9, हरीश कोतकर, 11-मे -2020 10.10, काशैप, अभियंता, सूरत, 5'5 '' ,,,
10, हरीश कोतकर, 11-मे -2020 10.10, काशैप, अभियंता, परदेशी देश, 5'5 '' ,,,
11, हरीश कोतकर, 11-मे -2020 10.10, काशैप, अभियंता, अन्य, 5'5 '' ,,,
12, हरीश कोतकर, 11-मे -2020 10.10, काशैप, डॉक्टर, मुंबई, 5'5 '' ,,,
13, हरीश कोतकर, 11-मे -2020 10.10, काशैप, डॉक्टर, पुणे, 5'5 '' ,,,
14, हरीश कोतकर, 11-मे -2020 10.10, काशैप, डॉक्टर, नाशिक, 5'5 '' ,,,
15, हरीश कोतकर, 11-मे -2020 10.10, काशैप, डॉक्टर, नागपूर, 5'5 '' ,,,
16, हरीश कोतकर, 11-मे -2020 10.10, काशैप, डॉक्टर, औरंगाबाद, 5'5 '',
17, हरीश कोतकर, 11-मे -2020 10.10, काशैप, डॉक्टर, धुळे, 5'5 '' ,,,
18, हरीश कोतकर, 11-मे -2020 10.10, काशैप, डॉक्टर, जळगाव, 5'5 '' ,,,
19, हरीश कोतकर, 11-मे -2020 10.10, काशैप, डॉक्टर, नंदुरबार, 5'5 '' ,,,
20, हरीश कोतकर, 11-मे -2020 10.10, काशैप, डॉक्टर, सूरत, 5'5 '' ,,,
21, हरीश कोतकर, 11-मे -2020 10.10, काशैप, डॉक्टर, फॉरेनकंट्री, 5'5 '' ,,,
22, हरीश कोतकर, 11-मे -2020 10.10, काशैप, डॉक्टर, इतर, 5'5 '' ,,,
23, हरीश कोतकर, 11-मे -2020 10.10, काशैप, सीए, मुंबई, 5'5 '' ,,,
24, हरीश कोतकर, 11-मे -2020 10.10, काशैप, सीए, पुणे, 5'5 '' ,,,
25, हरीश कोतकर, 11-मे -2020 10.10, काशैप, सीए, नासिक, 5'5 '' ,,,
26, हरीश कोतकर, 11-मे -2020 10.10, काशैप, सीए, नागपूर, 5'5 '' ,,,
27, हरीश कोतकर, 11-मे -2020 10.10, काशैप, सीए, औरंगाबाद, 5'5 '',
28, हरीश कोतकर, 11-मे -2020 10.10, काशैप, सीए, धुळे, 5'5 '' ,,,
29, हरीश कोतकर, 11-मे -2020 10.10, काशैप, सीए, जळगाव, 5'5 '' ,,,
30, हरीश कोतकर, 11-मे -2020 10.10, काशैप, सीए, नंदुरबार, 5'5 '' ,,,
31, हरीश कोतकर, 11-मे -2020 10.10, काशैप, सीए, सूरत, 5'5 '' ,,,
32, हरीश कोतकर, 11-मे -2020 10.10, काशैप, सीए, फॉरेनकाऊंट्री, 5'5 '' ,,,
33, हरीश कोतकर, 11-मे -2020 10.10, काशैप, सीए, अन्य, 5'5 '' ,,,
34, हरीश कोतकर, 11-मे -2020 10.10, काशैप, बिझनेसमन, मुंबई, 5'5 '' ,,,
35, हरीश कोतकर, 11-मे -2020 10.10, काशैप, व्यवसायिक, पुणे, 5'5 '' ,,,
36, हरीश कोतकर, 11-मे -2020 10.10, काशैप, व्यवसायिक, नासिक, 5'5 '' ,,,
37, हरीश कोतकर, 11-मे -2020 10.10, काशैप, व्यवसायिक, नागपूर, 5'5 '' ,,,
38, हरीश कोतकर, 11-मे -2020 10.10, काशैप, व्यवसायिक, औरंगाबाद, 5'5 '' ,,,
39, हरीश कोतकर, 11-मे -2020 10.10, काशैप, व्यवसायी, धुळे, 5'5 '' ,,,
40, हरीश कोतकर, 11-मे -2020 10.10, काशैप, व्यवसायी, जळगाव, 5'5 '' ,,,
41, हरीश कोतकर, 11-मे -2020 10.10, काशैप, व्यवसायी, नंदुरबार, 5'5 '' ,,,
42, हरीश कोतकर, 11-मे -2020 10.10, काशैप, बिझनेसमन, सूरत, 5'5 '' ,,,
43, हरीश कोतकर, 11-मे -2020 10.10, काशैप, व्यवसायिक, विदेशी देश, 5'5 '' ,,,
44, हरीश कोतकर, 11-मे -2020 10.10, काशैप, उद्योगपती, अन्य, 5'5 '' ,,,
45, हरीश कोतकर, 11-मे -2020 10.10, काशैप, एंटरप्रेनर, मुंबई, 5'5 '' ,,,
46, हरीश कोतकर, 11-मे -2020 10.10, काशैप, एंटरप्रेनर, पुणे, 5'5 '' ,,,
47, हरीश कोतकर, 11-मे -2020 10.10, काशैप, एंटरप्रेनर, नासिक, 5'5 '' ,,,
48, हरीश कोतकर, 11-मे -2020 10.10, काशैप, एंटरप्रेनर, नागपूर, 5'5 '' ,,,
49, हरीश कोतकर, 11-मे -2020 10.10, काशैप, एंटरप्रेनर, औरंगाबाद, 5'5 '' ,,,
50, हरीश कोतकर, 11-मे -2020 10.10, काशैप, एंटरप्रेनर, धुळे, 5'5 '' ,,,
51, हरीश कोतकर, 11-मे -2020 10.10, काशैप, एंटरप्रेनर, जळगाव, 5'5 '' ,,,
52, हरीश कोतकर, 11-मे -2020 10.10, काशैप, एंटरप्रेनर, नंदुरबार, 5'5 '' ,,,
53, हरीश कोतकर, 11-मे -2020 10.10, काशैप, एंटरप्रेनर, सूरत, 5'5 '' ,,,
54, हरीश कोतकर, 11-मे -2020 10.10, काशायप, एंटरप्रेनर, फॉरेनकंट्री, 5'5 '' ,,,
55, हरीश कोतकर, 11-मे -2020 10.10, काशैप, एंटरप्रेनर, अन्य, 5'5 '' ,,,
56, हरीश कोतकर, 11-मे -2020 10.10, काशैप, बिल्डर, मुंबई, 5'5 '' ,,,
57, हरीश कोतकर, 11-मे -2020 10.10, काशैप, बिल्डर, पुणे, 5'5 '' ,,,
58, हरीश कोतकर, 11-मे -2020 10.10, काशैप, बिल्डर, नासिक, 5'5 '' ,,,
59, हरीश कोतकर, 11-मे -2020 10.10, काशैप, बिल्डर, नागपूर, 5'5 '' ,,,
60, हरीश कोतकर, 11-मे -2020 10.10, काशैप, बिल्डर, औरंगाबाद, 5'5 '' ,,,
61, हरीश कोतकर, 11-मे -2020 10.10, काशैप, बिल्डर, धुळे, 5'5 '' ,,,
62, हरीश कोतकर, 11-मे -2020 10.10, काशैप, बिल्डर, जळगाव, 5'5 '' ,,,
63, हरीश कोतकर, 11-मे -2020 10.10, काशैप, बिल्डर, नंदुरबार, 5'5 '' ,,,
64, हरीश कोतकर, 11-मे -2020 10.10, काशैप, बिल्डर, सूरत, 5'5 '' ,,,
65, हरीश कोतकर, 11-मे -2020 10.10, काशैप, बिल्डर, फॉरेनकाऊंट्री, 5'5 '' ,,,
66, हरीश कोतकर, 11-मे -2020 10.10, काशैप, बिल्डर, अन्य, 5'5 '' ,,,
67, हरीश कोतकर, 11-मे -2020 10.10, काशैप, शिक्षक, मुंबई, 5'5 '',
68, हरीश कोतकर, 11-मे -2020 10.10, काशैप, शिक्षक, पुणे, 5'5 '' ,,,
69, हरीश कोतकर, 11-मे -2020 10.10, काशैप, शिक्षक, नाशिक, 5'5 '' ,,,
70, हरीश कोतकर, 11-मे -2020 10.10, काशैप, शिक्षक, नागपूर, 5'5 '' ,,,
71, हरीश कोतकर, 11-मे -2020 10.10, काशैप, शिक्षक, औरंगाबाद, 5'5 '',
72, हरीश कोतकर, 11-मे -2020 10.10, काशैप, शिक्षक, धुळे, 5'5 '' ,,,
73, हरीश कोतकर, 11-मे -2020 10.10, काशैप, शिक्षक, जळगाव, 5'5 '' ,,,
74, हरीश कोतकर, 11-मे -2020 10.10, काशैप, शिक्षक, नंदुरबार, 5'5 '' ,,,
75, हरीश कोतकर, 11-मे -2020 10.10, काशैप, शिक्षक, सूरत, 5'5 '' ,,,
76, हरीश कोतकर, 11-मे -2020 10.10, काशैप, शिक्षक, विदेशी देश, 5'5 '' ,,,
77, हरीश कोतकर, 11-मे -2020 10.10, काशैप, शिक्षक, इतर, 5'5 '' ,,,
78, हरीश कोतकर, 11-मे -2020 10.10, काशैप, फरमार, मुंबई, 5'5 '' ,,,
79, हरीश कोतकर, 11-मे -2020 10.10, काशैप, फरमार, पुणे, 5'5 '' ,,,
80, हरीश कोतकर, 11-मे -2020 10.10, काशैप, फरमार, नासिक, 5'5 '' ,,,
81, हरीश कोतकर, 11-मे -2020 10.10, काशैप, फरमार, नागपूर, 5'5 '' ,,,
82, हरीश कोतकर, 11-मे -2020 10.10, काशैप, फरमार, औरंगाबाद, 5'5 '' ,,,
83, हरीश कोतकर, 11-मे -2020 10.10, काशैप, फरमार, धुळे, 5'5 '' ,,,
84, हरीश कोतकर, 11-मे -2020 10.10, काशैप, फरमार, जळगाव, 5'5 '' ,,,
85, हरीश कोतकर, 11-मे -2020 10.10, काशैप, फरमार, नंदुरबार, 5'5 '' ,,,
86, हरीश कोतकर, 11-मे -2020 10.10, काशैप, फरमार, सूरत, 5'5 '' ,,,
87, हरीश कोतकर, 11-मे -2020 10.10, काशैप, फरमार, फॉरेनकंट्री, 5'5 '' ,,,
88, हरीश कोतकर, 11-मे -2020 10.10, काशैप, फरमार, अन्य, 5'5 '' ,,,
89, हरीश कोतकर, 11-मे -2020 10.10, काशायप, बँक मॅनेजर, मुंबई, 5'5 '' ,,,
90, हरीश कोतकर, 11-मे -2020 10.10, काशैप, बँक मॅनेजर, पुणे, 5'5 '' ,,,
91, हरीश कोतकर, 11-मे -2020 10.10, काशैप, बँक मॅनेजर, नासिक, 5'5 '' ,,,
92, हरीश कोतकर, 11-मे -2020 10.10, काशायप, बँक मॅनेजर, नागपूर, 5'5 '' ,,,
93, हरीश कोतकर, 11-मे -2020 10.10, काशैप, बँक मॅनेजर, औरंगाबाद, 5'5 '' ,,,
94, हरीश कोतकर, 11-मे -2020 10.10, काशैप, बँक मॅनेजर, धुळे, 5'5 '' ,,,
95, हरीश कोतकर, 11-मे -2020 10.10, काशायप, बँक मॅनेजर, जळगाव, 5'5 '' ,,,
96, हरीश कोतकर, 11-मे -2020 10.10, काशैप, बँक मॅनेजर, नंदुरबार, 5'5 '' ,,,
97, हरीश कोतकर, 11-मे -2020 10.10, काशैप, बँक मॅनेजर, सूरत, 5'5 '' ,,,
98, हरीश कोतकर, 11-मे -2020 10.10, काशैप, बँक मॅनेजर, फॉरेनकाउंट्री, 5'5 '' ,,,
99, हरीश कोतकर, 11-मे -2020 10.10, काशैप, बँक मॅनेजर, अन्य, 5'5 '' ,,,
100, हरीश कोतकर, 11-मे -2020 10.10, काशैप, फार्मासिस्ट, मुंबई, 5'5 '' ,,,
101, हरीश कोतकर, 11-मे -2020 10.10, काशैप, फार्मासिस्ट, पुणे, 5'5 '' ,,,
102, हरीश कोतकर, 11-मे -2020 10.10, काशैप, फार्मासिस्ट, नासिक, 5'5 '' ,,,
103, हरीश कोतकर, 11-मे -2020 10.10, काशैप, फार्मासिस्ट, नागपूर, 5'5 '' ,,,
104, हरीश कोतकर, 11-मे -2020 10.10, काशैप, फार्मासिस्ट, औरंगाबाद, 5'5 '' ,,,
105, हरीश कोतकर, 11-मे -2020 10.10, काशैप, फार्मासिस्ट, धुळे, 5'5 '' ,,,
106, हरीश कोतकर, 11-मे -2020 10.10, काशैप, फार्मासिस्ट, जळगाव, 5'5 '' ,,,
107, हरीश कोतकर, 11-मे -2020 10.10, काशैप, फार्मासिस्ट, नंदुरबार, 5'5 '' ,,,
108, हरीश कोतकर, 11-मे -2020 10.10, काशैप, फार्मासिस्ट, सूरत, 5'5 '' ,,,
109, हरीश कोतकर, 11-मे -2020 10.10, काशैप, फार्मासिस्ट, फॉरेनकंट्री, 5'5 '' ,,,
110, हरीश कोतकर, 11-मे -2020 10.10, काशैप, फार्मासिस्ट, अन्य, 5'5 '' ,,,
111, हरीश कोतकर, 11-मे -2020 10.10, काशैप, एमआर, मुंबई, 5'5 '' ,,,
112, हरीश कोतकर, 11-मे -2020 10.10, काशैप, एमआर, पुणे, 5'5 '' ,,,
113, हरीश कोतकर, 11-मे -2020 10.10, काशैप, एमआर, नासिक, 5'5 '' ,,,
114, हरीश कोतकर, 11-मे -2020 10.10, काशैप, एमआर, नागपूर, 5'5 '' ,,,
115, हरीश कोतकर, 11-मे -2020 10.10, काशैप, एमआर, औरंगाबाद, 5'5 '' ,,,
116, हरीश कोतकर, 11-मे -2020 10.10, काशैप, एमआर, धुळे, 5'5 '' ,,,
117, हरीश कोतकर, 11-मे -2020 10.10, काशैप, एमआर, जळगाव, 5'5 '' ,,,
118, हरीश कोतकर, 11-मे -2020 10.10, काशैप, एमआर, नंदुरबार, 5'5 '' ,,,
119, हरीश कोतकर, 11-मे -2020 10.10, काशैप, एमआर, सूरत, 5'5 '' ,,,
120, हरीश कोतकर, 11-मे -2020 10.10, काशैप, एमआर, फॉरेनकाऊंट्री, 5'5 '' ,,,
121, हरीश कोतकर, 11-मे -2020 10.10, काशैप, एमआर, अन्य, 5'5 '' ,,,
122, हरीश कोतकर, 11-मे -2020 10.10, काशैप, विमा प्रशासन, मुंबई, 5'5 '' ,,,
123, हरीश कोतकर, 11-मे -2020 10.10, काशैप, विमा प्रशासन, पुणे, 5'5 '' ,,,
124, हरीश कोतकर, 11-मे -2020 10.10, काशैप, विमा-सल्लागार, नासिक, 5'5 '' ,,,
125, हरीश कोतकर, 11-मे -2020 10.10, काशैप, विमा प्रशासन, नागपूर, 5'5 '' ,,,
126, हरीश कोतकर, 11-मे -2020 10.10, काशैप, विमा सल्लागार, औरंगाबाद, 5'5 '' ,,,
127, हरीश कोतकर, 11-मे -2020 10.10, काशैप, विमाअडव्हायझर, धुळे, 5'5 '' ,,,
128, हरीश कोतकर, 11-मे -2020 10.10, काशैप, विमा प्रशासन, जळगाव, 5'5 '' ,,,
129, हरीश कोतकर, 11-मे -2020 10.10, काशैप, विमा सल्लागार, नंदुरबार, 5'5 '' ,,,
130, हरीश कोतकर, 11-मे -2020 10.10, काशैप, विमा सल्लागार, सूरत, 5'5 '' ,,,
131, हरीश कोतकर, 11-मे -2020 10.10, काशैप, विमा-vडव्हायझर, फॉरेनकाऊंट्री, 5'5 '' ,,,
132, हरीश कोतकर, 11-मे -2020 10.10, काशैप, विमा सल्लागार, अन्य, 5'5 '' ,,,
133, हरीश कोतकर, 11-मे -2020 10.10, काशैप, अन्य, मुंबई, 5'5 '' ,,,
134, हरीश कोतकर, 11-मे -2020 10.10, काशैप, अन्य, पुणे, 5'5 '' ,,,
135, हरीश कोतकर, 11-मे -2020 10.10, काशैप, अन्य, नासिक, 5'5 '' ,,,
136, हरीश कोतकर, 11-मे -2020 10.10, काशैप, अन्य, नागपूर, 5'5 '' ,,,
137, हरीश कोतकर, 11-मे -2020 10.10, काशैप, अन्य, औरंगाबाद, 5'5 '' ,,,
138, हरीश कोतकर, 11-मे -2020 10.10, काशैप, अन्य, धुळे, 5'5 '' ,,,
139, हरीश कोतकर, 11-मे -2020 10.10, काशैप, अन्य, जळगाव, 5'5 '' ,,,
140, हरीश कोतकर, 11-मे -2020 10.10, काशैप, अन्य, नंदुरबार, 5'5 '' ,,,
141, हरीश कोतकर, 11-मे -2020 10.10, काशैप, अन्य, सूरत, 5'5 '' ,,,
142, हरीश कोतकर, 11-मे -2020 10.10, काशैप, अन्य, विदेशी देश, 5'5 '' ,,,
143, हरीश कोतकर, 11-मे -2020 10.10, काशैप, अन्य, अन्य, 5'5 '' ,,,
144, हरीश कोतकर, 11-मे -2020 10.10, खलाप, अभियंता, मुंबई, 5'5 '',
145, हरीश कोतकर, 11-मे -2020 10.10, खलाप, अभियंता, पुणे, 5'5 '',
146, हरीश कोतकर, 11-मे -2020 10.10, खलाप, अभियंता, नाशिक, 5'5 '' ,,,
147, हरीश कोतकर, 11-मे -2020 10.10, खलाप, अभियंता, नागपूर, 5'5 '',
148, हरीश कोतकर, 11-मे -2020 10.10, खलाप, अभियंता, औरंगाबाद, 5'5 '',
149, हरीश कोतकर, 11-मे -2020 10.10, खलाप, अभियंता, धुळे, 5'5 '' ,,,
150, हरीश कोतकर, 11-मे -2020 10.10, खलाप, अभियंता, जळगाव, 5'5 '',
151, हरीश कोतकर, 11-मे -2020 10.10, खलाप, अभियंता, नंदुरबार, 5'5 '' ,,,
152, हरीश कोतकर, 11-मे -2020 10.10, खलाप, अभियंता, सूरत, 5'5 '',
153, हरीश कोतकर, 11-मे -2020 10.10, खलाप, अभियंता, परदेशी देश, 5'5 '' ,,,
154, हरीश कोतकर, 11-मे -2020 10.10, खलाप, अभियंता, अन्य, 5'5 '' ,,,
155, हरीश कोतकर, 11-मे -2020 10.10, खलाप, डॉक्टर, मुंबई, 5'5 '',
156, हरीश कोतकर, 11-मे -2020 10.10, खलाप, डॉक्टर, पुणे, 5'5 '' ,,,
157, हरीश कोतकर, 11-मे -2020 10.10, खलाप, डॉक्टर, नाशिक, 5'5 '' ,,,
158, हरीश कोतकर, 11-मे -2020 10.10, खलाप, डॉक्टर, नागपूर, 5'5 '' ,,,
159, हरीश कोतकर, 11-मे -2020 10.10, खलाप, डॉक्टर, औरंगाबाद, 5'5 '',
160, हरीश कोतकर, 11-मे -2020 10.10, खलाप, डॉक्टर, धुळे, 5'5 '' ,,,
161, हरीश कोतकर, 11-मे -2020 10.10, खलाप, डॉक्टर, जळगाव, 5'5 '' ,,,
162, हरीश कोतकर, 11-मे -2020 10.10, खलाप, डॉक्टर, नंदुरबार, 5'5 '' ,,,
163, हरीश कोतकर, 11-मे -2020 10.10, खलाप, डॉक्टर, सूरत, 5'5 '' ,,,
164, हरीश कोतकर, 11-मे -2020 10.10, खलाप, डॉक्टर, विदेशी देश, 5'5 '' ,,,
165, हरीश कोतकर, 11-मे -2020 10.10, खलाप, डॉक्टर, इतर, 5'5 '' ,,,
166, हरीश कोतकर, 11-मे -2020 10.10, खलाप, सीए, मुंबई, 5'5 '' ,,,
167, हरीश कोतकर, 11-मे -2020 10.10, खलाप, सीए, पुणे, 5'5 '' ,,,
168, हरीश कोतकर, 11-मे -2020 10.10, खलाप, सीए, नासिक, 5'5 '' ,,,
169, हरीश कोतकर, 11-मे -2020 10.10, खलाप, सीए, नागपूर, 5'5 '' ,,,
170, हरीश कोतकर, 11-मे -2020 10.10, खलाप, सीए, औरंगाबाद, 5'5 '' ,,,
171, हरीश कोतकर, 11-मे -2020 10.10, खलाप, सीए, धुळे, 5'5 '' ,,,
172, हरीश कोतकर, 11-मे -2020 10.10, खलाप, सीए, जळगाव, 5'5 '' ,,,
173, हरीश कोतकर, 11-मे -2020 10.10, खलाप, सीए, नंदुरबार, 5'5 '' ,,,
174, हरीश कोतकर, 11-मे -2020 10.10, खलाप, सीए, सूरत, 5'5 '' ,,,
175, हरीश कोतकर, 11-मे -2020 10.10, खलाप, सीए, फॉरेनकंट्री, 5'5 '' ,,,
176, हरीश कोतकर, 11-मे -2020 10.10, खलाप, सीए, अन्य, 5'5 '' ,,,
177, हरीश कोतकर, 11-मे -2020 10.10, खलाप, व्यवसायिक, मुंबई, 5'5 '' ,,,
178, हरीश कोतकर, 11-मे -2020 10.10, खलाप, व्यवसायी, पुणे, 5'5 '' ,,,
179, हरीश कोतकर, 11-मे -2020 10.10, खलाप, उद्योगपती, नासिक, 5'5 '' ,,,
180, हरीश कोतकर, 11-मे -2020 10.10, खलाप, व्यवसायी, नागपूर, 5'5 '' ,,,
181, हरीश कोतकर, 11-मे -2020 10.10, खलाप, व्यवसायी, औरंगाबाद, 5'5 '' ,,,
182, हरीश कोतकर, 11-मे -2020 10.10, खलाप, व्यावसायिका, धुळे, 5'5 '' ,,,
183, हरीश कोतकर, 11-मे -2020 10.10, खलाप, व्यावसायिका, जळगाव, 5'5 '' ,,,
184, हरीश कोतकर, 11-मे -2020 10.10, खलाप, व्यवसायी, नंदुरबार, 5'5 '' ,,,
185, हरीश कोतकर, 11-मे -2020 10.10, खलाप, व्यवसायी, सूरत, 5'5 '' ,,,
186, हरीश कोतकर, 11-मे -2020 10.10, खलाप, व्यावसायिका, विदेशी देश, 5'5 '' ,,,
187, हरीश कोतकर, 11-मे -2020 10.10, खलाप, व्यावसायिका, अन्य, 5'5 '' ,,,
188, हरीश कोतकर, 11-मे -2020 10.10, खलाप, एंटरप्रेनर, मुंबई, 5'5 '' ,,,
189, हरीश कोतकर, 11-मे -2020 10.10, खलाप, एंटरप्रेनर, पुणे, 5'5 '' ,,,
190, हरीश कोतकर, 11-मे -2020 10.10, खलाप, एंटरप्रेनर, नासिक, 5'5 '' ,,,
191, हरीश कोतकर, 11-मे -2020 10.10, खलाप, एंटरप्रेनर, नागपूर, 5'5 '' ,,,
192, हरीश कोतकर, 11-मे -2020 10.10, खलाप, एंटरप्रेनर, औरंगाबाद, 5'5 '' ,,,
193, हरीश कोतकर, 11-मे -2020 10.10, खलाप, एंटरप्रेनर, धुळे, 5'5 '' ,,,
194, हरीश कोतकर, 11-मे -2020 10.10, खलाप, एंटरप्रेनर, जळगाव, 5'5 '' ,,,
195, हरीश कोतकर, 11-मे -2020 10.10, खलाप, एंटरप्रेनर, नंदुरबार, 5'5 '' ,,,
196, हरीश कोतकर, 11-मे -2020 10.10, खलाप, एंटरप्रेनर, सूरत, 5'5 '' ,,,
197, हरीश कोतकर, 11-मे -2020 10.10, खलाप, एंटरप्रेनर, फॉरेनकाउंट्री, 5'5 '' ,,,
198, हरीश कोतकर, 11-मे -2020 10.10, खलाप, एंटरप्रेनर, अन्य, 5'5 '' ,,,
199, हरीश कोतकर, 11-मे -2020 10.10, खलाप, बिल्डर, मुंबई, 5'5 '' ,,,
200, हरीश कोतकर, 11-मे -2020 10.10, खलाप, बिल्डर, पुणे, 5'5 '' ,,,
201, हरीश कोतकर, ११-मे -२०१० १०.१०, खलाप, बिल्डर, नासिक,''5 '' ,,
202, हरीश कोतकर, 11-मे -2020 10.10, खलाप, बिल्डर, नागपूर, 5'5 '' ,,,
203, हरीश कोतकर, 11-मे -2020 10.10, खलाप, बिल्डर, औरंगाबाद, 5'5 '' ,,,
204, हरीश कोतकर, 11-मे -2020 10.10, खलाप, बिल्डर, धुळे, 5'5 '' ,,,
205, हरीश कोतकर, 11-मे -2020 10.10, खलाप, बिल्डर, जळगाव, 5'5 '' ,,,
206, हरीश कोतकर, 11-मे -2020 10.10, खलाप, बिल्डर, नंदुरबार, 5'5 '' ,,,
207, हरीश कोतकर, 11-मे -2020 10.10, खलाप, बिल्डर, सूरत, 5'5 '' ,,,
208, हरीश कोतकर, 11-मे -2020 10.10, खलाप, बिल्डर, परदेशी देश, 5'5 '' ,,,
209, हरीश कोतकर, 11-मे -2020 10.10, खलाप, बिल्डर, अन्य, 5'5 '' ,,,
210, हरीश कोतकर, 11-मे -2020 10.10, खलाप, शिक्षक, मुंबई, 5'5 '',
211, हरीश कोतकर, 11-मे -2020 10.10, खलाप, शिक्षक, पुणे, 5'5 '' ,,,
212, हरीश कोतकर, 11-मे -2020 10.10, खलाप, शिक्षक, नाशिक, 5'5 '' ,,,
213, हरीश कोतकर, 11-मे -2020 10.10, खलाप, शिक्षक, नागपूर, 5'5 '' ,,,
214, हरीश कोतकर, 11-मे -2020 10.10, खलाप, शिक्षक, औरंगाबाद, 5'5 '',
215, हरीश कोतकर, 11-मे -2020 10.10, खलाप, शिक्षक, धुळे, 5'5 '' ,,,
216, हरीश कोतकर, 11-मे -2020 10.10, खलाप, शिक्षक, जळगाव, 5'5 '' ,,,
217, हरीश कोतकर, 11-मे -2020 10.10, खलाप, शिक्षक, नंदुरबार, 5'5 '' ,,,
218, हरीश कोतकर, 11-मे -2020 10.10, खलाप, शिक्षक, सूरत, 5'5 '' ,,,
219, हरीश कोतकर, 11-मे -2020 10.10, खलाप, शिक्षक, विदेशी देश, 5'5 '',
220, हरीश कोतकर, 11-मे -2020 10.10, खलाप, शिक्षक, इतर, 5'5 '' ,,,
221, हरीश कोतकर, 11-मे -2020 10.10, खलाप, फरमार, मुंबई, 5'5 '' ,,,
222, हरीश कोतकर, 11-मे -2020 10.10, खलाप, फरमार, पुणे, 5'5 '' ,,,
223, हरीश कोतकर, 11-मे -2020 10.10, खलाप, फरमार, नासिक, 5'5 '' ,,,
224, हरीश कोतकर, 11-मे -2020 10.10, खलाप, फरमार, नागपूर, 5'5 '' ,,,
225, हरीश कोतकर, 11-मे -2020 10.10, खलाप, फरमार, औरंगाबाद, 5'5 '' ,,,
226, हरीश कोतकर, 11-मे -2020 10.10, खलाप, फरमार, धुळे, 5'5 '' ,,,
227, हरीश कोतकर, 11-मे -2020 10.10, खलाप, फरमार, जळगाव, 5'5 '' ,,,
228, हरीश कोतकर, 11-मे -2020 10.10, खलाप, फरमार, नंदुरबार, 5'5 '' ,,,
229, हरीश कोतकर, 11-मे -2020 10.10, खलाप, फरमार, सूरत, 5'5 '' ,,,
230, हरीश कोतकर, 11-मे -2020 10.10, खलाप, फरमार, फॉरेनकंट्री, 5'5 '' ,,,
231, हरीश कोतकर, 11-मे -2020 10.10, खलाप, फरमार, अन्य, 5'5 '' ,,,
232, हरीश कोतकर, 11-मे -2020 10.10, खलाप, बँक मॅनेजर, मुंबई, 5'5 '' ,,,
233, हरीश कोतकर, 11-मे -2020 10.10, खलाप, बँक मॅनेजर, पुणे, 5'5 '' ,,,
234, हरीश कोतकर, 11-मे -2020 10.10, खलाप, बँक मॅनेजर, नाशिक, 5'5 '' ,,,
235, हरीश कोतकर, 11-मे -2020 10.10, खलाप, बँक मॅनेजर, नागपूर, 5'5 '' ,,,
236, हरीश कोतकर, 11-मे -2020 10.10, खलाप, बँक मॅनेजर, औरंगाबाद, 5'5 '' ,,,
237, हरीश कोतकर, 11-मे -2020 10.10, खलाप, बँक मॅनेजर, धुळे, 5'5 '' ,,,
238, हरीश कोतकर, 11-मे -2020 10.10, खलाप, बँक मॅनेजर, जळगाव, 5'5 '' ,,,
239, हरीश कोतकर, 11-मे -2020 10.10, खलाप, बँक मॅनेजर, नंदुरबार, 5'5 '' ,,,
240, हरीश कोतकर, 11-मे -2020 10.10, खलाप, बँक मॅनेजर, सूरत, 5'5 '' ,,,
241, हरीश कोतकर, 11-मे -2020 10.10, खलाप, बँक मॅनेजर, फॉरेनकाऊंट्री, 5'5 '' ,,,
242, हरीश कोतकर, 11-मे -2020 10.10, खलाप, बँक मॅनेजर, अन्य, 5'5 '' ,,,
243, हरीश कोतकर, 11-मे -2020 10.10, खलाप, फार्मासिस्ट, मुंबई, 5'5 '' ,,,
244, हरीश कोतकर, 11-मे -2020 10.10, खलाप, फार्मासिस्ट, पुणे, 5'5 '' ,,,
245, हरीश कोतकर, 11-मे -2020 10.10, खलाप, फार्मासिस्ट, नाशिक, 5'5 '' ,,,
246, हरीश कोतकर, 11-मे -2020 10.10, खलाप, फार्मासिस्ट, नागपूर, 5'5 '' ,,,
247, हरीश कोतकर, 11-मे -2020 10.10, खलाप, फार्मासिस्ट, औरंगाबाद, 5'5 '' ,,,
248, हरीश कोतकर, 11-मे -2020 10.10, खलाप, फार्मासिस्ट, धुळे, 5'5 '' ,,,
249, हरीश कोतकर, 11-मे -2020 10.10, खलाप, फार्मासिस्ट, जळगाव, 5'5 '' ,,,
250, हरीश कोतकर, 11-मे -2020 10.10, खलाप, फार्मासिस्ट, नंदुरबार, 5'5 '' ,,,
251, हरीश कोतकर, 11-मे -2020 10.10, खलाप, फार्मासिस्ट, सूरत, 5'5 '' ,,,
252, हरीश कोतकर, 11-मे -2020 10.10, खलाप, फार्मासिस्ट, फॉरेनकंट्री, 5'5 '' ,,,
253, हरीश कोतकर, 11-मे -2020 10.10, खलाप, फार्मासिस्ट, अन्य, 5'5 '' ,,,
254, हरीश कोतकर, 11-मे -2020 10.10, खलाप, एमआर, मुंबई, 5'5 '',
255, हरीश कोतकर, 11-मे -2020 10.10, खलाप, एमआर, पुणे, 5'5 '' ,,,
256, हरीश कोतकर, 11-मे -2020 10.10, खलाप, एमआर, नासिक, 5'5 '' ,,,
257, हरीश कोतकर, 11-मे -2020 10.10, खलाप, एमआर, नागपूर, 5'5 '' ,,,
258, हरीश कोतकर, 11-मे -2020 10.10, खलाप, एमआर, औरंगाबाद, 5'5 '',
259, हरीश कोतकर, 11-मे -2020 10.10, खलाप, एमआर, धुळे, 5'5 '' ,,,
260, हरीश कोतकर, 11-मे -2020 10.10, खलाप, एमआर, जळगाव, 5'5 '' ,,,
261, हरीश कोतकर, 11-मे -2020 10.10, खलाप, एमआर, नंदुरबार, 5'5 '' ,,,
262, हरीश कोतकर, 11-मे -2020 10.10, खलाप, एमआर, सूरत, 5'5 '' ,,,
263, हरीश कोतकर, 11-मे -2020 10.10, खलाप, एमआर, फॉरेनकंट्री, 5'5 '' ,,,
264, हरीश कोतकर, 11-मे -2020 10.10, खलाप, एमआर, अन्य, 5'5 '' ,,,
265, हरीश कोतकर, 11-मे -2020 10.10, खलाप, विमा सल्लागार, मुंबई, 5'5 '' ,,,
266, हरीश कोतकर, 11-मे -2020 10.10, खलाप, विमा सल्लागार, पुणे, 5'5 '' ,,,
267, हरीश कोतकर, 11-मे -2020 10.10, खलाप, विमा सल्लागार, नासिक, 5'5 '' ,,,
268, हरीश कोतकर, 11-मे -2020 10.10, खलाप, विमा सल्लागार, नागपूर, 5'5 '' ,,,
269, हरीश कोतकर, 11-मे -2020 10.10, खलाप, विमा सल्लागार, औरंगाबाद, 5'5 '' ,,,
270, हरीश कोतकर, 11-मे -2020 10.10, खलाप, विमा सल्लागार, धुळे, 5'5 '' ,,,
271, हरीश कोतकर, 11-मे -2020 10.10, खलाप, विमा सल्लागार, जळगाव, 5'5 '' ,,,
272, हरीश कोतकर, 11-मे -2020 10.10, खलाप, विमा सल्लागार, नंदुरबार, 5'5 '' ,,,
273, हरीश कोतकर, 11-मे -2020 10.10, खलाप, विमा सल्लागार, सूरत, 5'5 '' ,,,
274, हरीश कोतकर, 11-मे -2020 10.10, खलाप, विमा-vडव्हायझर, फॉरेन कंट्री, 5'5 '' ,,
275, हरीश कोतकर, 11-मे -2020 10.10, खलाप, विमा सल्लागार, अन्य, 5'5 '' ,,,
276, हरीश कोतकर, 11-मे -2020 10.10, खलाप, अन्य, मुंबई, 5'5 '' ,,,
277, हरीश कोतकर, 11-मे -2020 10.10, खलाप, अन्य, पुणे, 5'5 '' ,,,
278, हरीश कोतकर, 11-मे -2020 10.10, खलाप, अन्य, नासिक, 5'5 '' ,,,
279, हरीश कोतकर, 11-मे -2020 10.10, खलाप, अन्य, नागपूर, 5'5 '' ,,,
280, हरीश कोतकर, 11-मे -2020 10.10, खलाप, अन्य, औरंगाबाद, 5'5 '' ,,,
281, हरीश कोतकर, 11-मे -2020 10.10, खलाप, अन्य, धुळे, 5'5 '' ,,,
282, हरीश कोतकर, 11-मे -2020 10.10, खलाप, अन्य, जळगाव, 5'5 '' ,,,
283, हरीश कोतकर, 11-मे -2020 10.10, खलाप, अन्य, नंदुरबार, 5'5 '' ,,,
284, हरीश कोतकर, 11-मे -2020 10.10, खलाप, अन्य, सूरत, 5'5 '' ,,,
285, हरीश कोतकर, 11-मे -2020 10.10, खलाप, अन्य, परदेशी देश, 5'5 '' ,,,
286, हरीश कोतकर, 11-मे -2020 10.10, खलाप, अन्य, अन्य, 5'5 '' ,,,
287, हरीश कोतकर, 11-मे -2020 10.10, मांडव, अभियंता, मुंबई, 5'5 '',
288, हरीश कोतकर, 11-मे -2020 10.10, मांडव, अभियंता, पुणे, 5'5 '' ,,,
289, हरीश कोतकर, 11-मे -2020 10.10, मांडव, अभियंता, नाशिक, 5'5 '' ,,,
290, हरीश कोतकर, 11-मे -2020 10.10, मांडव, अभियंता, नागपूर, 5'5 '',
291, हरीश कोतकर, 11-मे -2020 10.10, मांडव, अभियंता, औरंगाबाद, 5'5 '',
292, हरीश कोतकर, 11-मे -2020 10.10, मांडव, अभियंता, धुळे, 5'5 '' ,,,
293, हरीश कोतकर, 11-मे -2020 10.10, मांडव, अभियंता, जळगाव, 5'5 '' ,,,
294, हरीश कोतकर, 11-मे -2020 10.10, मांडव, अभियंता, नंदुरबार, 5'5 '' ,,,
295, हरीश कोतकर, 11-मे -2020 10.10, मांडव, अभियंता, सूरत, 5'5 '',
296, हरीश कोतकर, 11-मे -2020 10.10, मांडव, अभियंता, परदेशी देश, 5'5 '',
297, हरीश कोतकर, 11-मे -2020 10.10, मांडव, अभियंता, अन्य, 5'5 '' ,,,
298, हरीश कोतकर, 11-मे -2020 10.10, मांडव, डॉक्टर, मुंबई, 5'5 '' ,,,
299, हरीश कोतकर, 11-मे -2020 10.10, मांडव, डॉक्टर, पुणे, 5'5 '' ,,,
300, हरीश कोतकर, 11-मे -2020 10.10, मांडव, डॉक्टर, नाशिक, 5'5 '' ,,,
301, हरीश कोतकर, 11-मे -2020 10.10, मांडव, डॉक्टर, नागपूर, 5'5 '' ,,,
302, हरीश कोतकर, 11-मे -2020 10.10, मांडव, डॉक्टर, औरंगाबाद, 5'5 '',
303, हरीश कोतकर, 11-मे -2020 10.10, मांडव, डॉक्टर, धुळे, 5'5 '' ,,,
304, हरीश कोतकर, 11-मे -2020 10.10, मांडव, डॉक्टर, जळगाव, 5'5 '' ,,,
305, हरीश कोतकर, 11-मे -2020 10.10, मांडव, डॉक्टर, नंदुरबार, 5'5 '' ,,,
306, हरीश कोतकर, 11-मे -2020 10.10, मांडव, डॉक्टर, सूरत, 5'5 '' ,,,
307, हरीश कोतकर, 11-मे -2020 10.10, मांडव, डॉक्टर, परदेशी देश, 5'5 '' ,,,
308, हरीश कोतकर, 11-मे -2020 10.10, मांडव, डॉक्टर, इतर, 5'5 '' ,,,
309, हरीश कोतकर, 11-मे -2020 10.10, मांडव, सीए, मुंबई, 5'5 '' ,,,
310, हरीश कोतकर, 11-मे -2020 10.10, मांडव, सीए, पुणे, 5'5 '' ,,,
311, हरीश कोतकर, 11-मे -2020 10.10, मांडव, सीए, नासिक, 5'5 '' ,,,
312, हरीश कोतकर, 11-मे -2020 10.10, मांडव, सीए, नागपूर, 5'5 '' ,,,
313, हरीश कोतकर, 11-मे -2020 10.10, मांडव, सीए, औरंगाबाद, 5'5 '' ,,,
314, हरीश कोतकर, 11-मे -2020 10.10, मांडव, सीए, धुळे, 5'5 '' ,,,
315, हरीश कोतकर, 11-मे -2020 10.10, मांडव, सीए, जळगाव, 5'5 '' ,,,
316, हरीश कोतकर, 11-मे -2020 10.10, मांडव, सीए, नंदुरबार, 5'5 '' ,,,
317, हरीश कोतकर, 11-मे -2020 10.10, मांडव, सीए, सूरत, 5'5 '' ,,,
318, हरीश कोतकर, 11-मे -2020 10.10, मांडव, सीए, फॉरेनकाऊंट्री, 5'5 '' ,,,
319, हरीश कोतकर, 11-मे -2020 10.10, मांडव, सीए, अन्य, 5'5 '' ,,,
320, हरीश कोतकर, 11-मे -2020 10.10, मांडव, बिझनेसमन, मुंबई, 5'5 '' ,,,
321, हरीश कोतकर, 11-मे -2020 10.10, मांडव, व्यवसायिक, पुणे, 5'5 '' ,,,
322, हरीश कोतकर, 11-मे -2020 10.10, मांडव, व्यवसायिक, नासिक, 5'5 '' ,,,
323, हरीश कोतकर, 11-मे -2020 10.10, मांडव, व्यवसायी, नागपूर, 5'5 '' ,,,
324, हरीश कोतकर, 11-मे -2020 10.10, मांडव, व्यवसायी, औरंगाबाद, 5'5 '' ,,,
325, हरीश कोतकर, 11-मे -2020 10.10, मांडव, व्यावसायिका, धुळे, 5'5 '' ,,,
326, हरीश कोतकर, 11-मे -2020 10.10, मांडव, व्यावसायिका, जळगाव, 5'5 '' ,,,
327, हरीश कोतकर, 11-मे -2020 10.10, मांडव, व्यवसायी, नंदुरबार, 5'5 '' ,,,
328, हरीश कोतकर, 11-मे -2020 10.10, मांडव, बिझनेसमन, सूरत, 5'5 '' ,,,
329, हरीश कोतकर, 11-मे -2020 10.10, मांडव, व्यवसायी, विदेशी मालमत्ता, 5'5 '' ,,,
330, हरीश कोतकर, 11-मे -2020 10.10, मांडव, व्यावसायिका, अन्य, 5'5 '' ,,,
331, हरीश कोतकर, 11-मे -2020 10.10, मांडव, एंटरप्रेनर, मुंबई, 5'5 '' ,,,
332, हरीश कोतकर, 11-मे -2020 10.10, मांडव, एंटरप्रेनर, पुणे, 5'5 '' ,,,
333, हरीश कोतकर, 11-मे -2020 10.10, मांडव, एंटरप्रेनर, नासिक, 5'5 '' ,,,
334, हरीश कोतकर, 11-मे -2020 10.10, मांडव, एंटरप्रेनर, नागपूर, 5'5 '' ,,,
335, हरीश कोतकर, 11-मे -2020 10.10, मांडव, एंटरप्रेनर, औरंगाबाद, 5'5 '' ,,,
336, हरीश कोतकर, 11-मे -2020 10.10, मांडव, एंटरप्रेनर, धुळे, 5'5 '' ,,,
337, हरीश कोतकर, 11-मे -2020 10.10, मांडव, एंटरप्रेनर, जळगाव, 5'5 '' ,,,
338, हरीश कोतकर, 11-मे -2020 10.10, मांडव, एंटरप्रेनर, नंदुरबार, 5'5 '' ,,,
339, हरीश कोतकर, 11-मे -2020 10.10, मांडव, एंटरप्रेनर, सूरत, 5'5 '' ,,,
340, हरीश कोतकर, 11-मे -2020 10.10, मांडव, एंटरप्रेनर, परदेशी देश, 5'5 '' ,,,
341, हरीश कोतकर, 11-मे -2020 10.10, मांडव, एंटरप्रेनर, अन्य, 5'5 '' ,,,
342, हरीश कोतकर, 11-मे -2020 10.10, मांडव, बिल्डर, मुंबई, 5'5 '' ,,,
343, हरीश कोतकर, 11-मे -2020 10.10, मांडव, बिल्डर, पुणे, 5'5 '' ,,,
344, हरीश कोतकर, 11-मे -2020 10.10, मांडव, बिल्डर, नासिक, 5'5 '' ,,,
345, हरीश कोतकर, 11-मे -2020 10.10, मांडव, बिल्डर, नागपूर, 5'5 '' ,,,
346, हरीश कोतकर, 11-मे -2020 10.10, मांडव, बिल्डर, औरंगाबाद, 5'5 '',
347, हरीश कोतकर, 11-मे -2020 10.10, मांडव, बिल्डर, धुळे, 5'5 '' ,,,
348, हरीश कोतकर, 11-मे -2020 10.10, मांडव, बिल्डर, जळगाव, 5'5 '' ,,,
349, हरीश कोतकर, 11-मे -2020 10.10, मांडव, बिल्डर, नंदुरबार, 5'5 '' ,,,
350, हरीश कोतकर, 11-मे -2020 10.10, मांडव, बिल्डर, सूरत, 5'5 '' ,,,
351, हरीश कोतकर, 11-मे -2020 10.10, मांडव, बिल्डर, परदेशी देश, 5'5 '' ,,,
352, हरीश कोतकर, 11-मे -2020 10.10, मांडव, बिल्डर, अन्य, 5'5 '' ,,,
353, हरीश कोतकर, 11-मे -2020 10.10, मांडव, शिक्षक, मुंबई, 5'5 '',
354, हरीश कोतकर, 11-मे -2020 10.10, मांडव, शिक्षक, पुणे, 5'5 '' ,,,
355, हरीश कोतकर, 11-मे -2020 10.10, मांडव, शिक्षक, नाशिक, 5'5 '' ,,,
356, हरीश कोतकर, 11-मे -2020 10.10, मांडव, शिक्षक, नागपूर, 5'5 '' ,,,
357, हरीश कोतकर, 11-मे -2020 10.10, मांडव, शिक्षक, औरंगाबाद, 5'5 '' ,,,
358, हरीश कोतकर, 11-मे -2020 10.10, मांडव, शिक्षक, धुळे, 5'5 '' ,,,
359, हरीश कोतकर, 11-मे -2020 10.10, मांडव, शिक्षक, जळगाव, 5'5 '' ,,,
360, हरीश कोतकर, 11-मे -2020 10.10, मांडव, शिक्षक, नंदुरबार, 5'5 '' ,,,
361, हरीश कोतकर, 11-मे -2020 10.10, मांडव, शिक्षक, सूरत, 5'5 '' ,,,
362, हरीश कोतकर, 11-मे -2020 10.10, मांडव, शिक्षक, परदेशी देश, 5'5 '' ,,,
363, हरीश कोतकर, 11-मे -2020 10.10, मांडव, शिक्षक, इतर, 5'5 '' ,,,
364, हरीश कोतकर, 11-मे -2020 10.10, मांडव, फरमार, मुंबई, 5'5 '' ,,,
365, हरीश कोतकर, 11-मे -2020 10.10, मांडव, फरमार, पुणे, 5'5 '' ,,,
366, हरीश कोतकर, 11-मे -2020 10.10, मांडव, फरमार, नासिक, 5'5 '' ,,,
367, हरीश कोतकर, 11-मे -2020 10.10, मांडव, फरमार, नागपूर, 5'5 '' ,,,
368, हरीश कोतकर, 11-मे -2020 10.10, मांडव, फरमार, औरंगाबाद, 5'5 '' ,,,
369, हरीश कोतकर, 11-मे -2020 10.10, मांडव, फरमार, धुळे, 5'5 '' ,,,
370, हरीश कोतकर, 11-मे -2020 10.10, मांडव, फरमार, जळगाव, 5'5 '' ,,,
371, हरीश कोतकर, 11-मे -2020 10.10, मांडव, फरमार, नंदुरबार, 5'5 '' ,,,
372, हरीश कोतकर, 11-मे -2020 10.10, मांडव, फरमार, सूरत, 5'5 '' ,,,
373, हरीश कोतकर, 11-मे -2020 10.10, मांडव, फरमार, फॉरेनकाउंट्री, 5'5 '' ,,,
374, हरीश कोतकर, 11-मे -2020 10.10, मांडव, फरमार, अन्य, 5'5 '' ,,,
375, हरीश कोतकर, 11-मे -2020 10.10, मांडव, बँक मॅनेजर, मुंबई, 5'5 '' ,,,
376, हरीश कोतकर, 11-मे -2020 10.10, मांडव, बँक मॅनेजर, पुणे, 5'5 '' ,,,
377, हरीश कोतकर, 11-मे -2020 10.10, मांडव, बँक मॅनेजर, नासिक, 5'5 '' ,,,
378, हरीश कोतकर, 11-मे -2020 10.10, मांडव, बँक मॅनेजर, नागपूर, 5'5 '' ,,,
379, हरीश कोतकर, 11-मे -2020 10.10, मांडव, बँक मॅनेजर, औरंगाबाद, 5'5 '' ,,,
380, हरीश कोतकर, 11-मे -2020 10.10, मांडव, बँक मॅनेजर, धुळे, 5'5 '' ,,,
381, हरीश कोतकर, 11-मे -2020 10.10, मांडव, बँक मॅनेजर, जळगाव, 5'5 '' ,,,
382, हरीश कोतकर, 11-मे -2020 10.10, मांडव, बँक मॅनेजर, नंदुरबार, 5'5 '' ,,,
383, हरीश कोतकर, 11-मे -2020 10.10, मांडव, बँक मॅनेजर, सूरत, 5'5 '' ,,,
384, हरीश कोतकर, 11-मे -2020 10.10, मांडव, बँकमॅनेजर, फॉरेनकाऊंट्री, 5'5 '' ,,,
385, हरीश कोतकर, 11-मे -2020 10.10, मांडव, बँक मॅनेजर, अन्य, 5'5 '' ,,,
386, हरीश कोतकर, 11-मे -2020 10.10, मांडव, फार्मासिस्ट, मुंबई, 5'5 '' ,,,
387, हरीश कोतकर, 11-मे -2020 10.10, मांडव, फार्मासिस्ट, पुणे, 5'5 '' ,,,
388, हरीश कोतकर, 11-मे -2020 10.10, मांडव, फार्मासिस्ट, नासिक, 5'5 '' ,,,
389, हरीश कोतकर, 11-मे -2020 10.10, मांडव, फार्मासिस्ट, नागपूर, 5'5 '' ,,,
390, हरीश कोतकर, 11-मे -2020 10.10, मांडव, फार्मासिस्ट, औरंगाबाद, 5'5 '' ,,,
391, हरीश कोतकर, 11-मे -2020 10.10, मांडव, फार्मासिस्ट, धुळे, 5'5 '' ,,,
392, हरीश कोतकर, 11-मे -2020 10.10, मांडव, फार्मासिस्ट, जळगाव, 5'5 '' ,,,
393, हरीश कोतकर, 11-मे -2020 10.10, मांडव, फार्मासिस्ट, नंदुरबार, 5'5 '' ,,,
394, हरीश कोतकर, 11-मे -2020 10.10, मांडव, फार्मासिस्ट, सूरत, 5'5 '' ,,,
395, हरीश कोतकर, 11-मे -2020 10.10, मांडव, फार्मासिस्ट, फॉरेनकाउंट्री, 5'5 '' ,,,
396, हरीश कोतकर, 11-मे -2020 10.10, मांडव, फार्मासिस्ट, अन्य, 5'5 '' ,,,
397, हरीश कोतकर, 11-मे -2020 10.10, मांडव, एमआर, मुंबई, 5'5 '',
398, हरीश कोतकर, 11-मे -2020 10.10, मांडव, एमआर, पुणे, 5'5 '' ,,,
399, हरीश कोतकर, 11-मे -2020 10.10, मांडव, एमआर, नासिक, 5'5 '' ,,,
400, हरीश कोतकर, 11-मे -2020 10.10, मांडव, एमआर, नागपूर, 5'5 '' ,,,
401, हरीश कोतकर, 11-मे -2020 10.10, मांडव, एमआर, औरंगाबाद, 5'5 '' ,,,
402, हरीश कोतकर, 11-मे -2020 10.10, मांडव, एमआर, धुळे, 5'5 '' ,,,
403, हरीश कोतकर, 11-मे -2020 10.10, मांडव, एमआर, जळगाव, 5'5 '' ,,,
404, हरीश कोतकर, 11-मे -2020 10.10, मांडव, एमआर, नंदुरबार, 5'5 '' ,,,
405, हरीश कोतकर, 11-मे -2020 10.10, मांडव, एमआर, सूरत, 5'5 '' ,,,
406, हरीश कोतकर, 11-मे -2020 10.10, मांडव, एमआर, फॉरेनकंट्री, 5'5 '' ,,,
407, हरीश कोतकर, 11-मे -2020 10.10, मांडव, एमआर, अन्य, 5'5 '' ,,,
408, हरीश कोतकर, 11-मे -2020 10.10, मांडव, विमा सल्लागार, मुंबई, 5'5 '' ,,,
409, हरीश कोतकर, 11-मे -2020 10.10, मांडव, विमा प्रशासन, पुणे, 5'5 '' ,,,
410, हरीश कोतकर, 11-मे -2020 10.10, मांडव, विमा सल्लागार, नासिक, 5'5 '' ,,,
411, हरीश कोतकर, 11-मे -2020 10.10, मांडव, विमा सल्लागार, नागपूर, 5'5 '' ,,,
412, हरीश कोतकर, 11-मे -2020 10.10, मांडव, विमा सल्लागार, औरंगाबाद, 5'5 '' ,,,
413, हरीश कोतकर, 11-मे -2020 10.10, मांडव, विमाअडव्हायझर, धुळे, 5'5 '' ,,,
4१4, हरीश कोतकर, ११-मे -२०२० १०.१०, मांडव, विमाअडव्हायझर, जळगाव,''5 '' ,,,
415, हरीश कोतकर, 11-मे -2020 10.10, मांडव, विमाअडव्हायझर, नंदुरबार, 5'5 '' ,,,
416, हरीश कोतकर, 11-मे -2020 10.10, मांडव, विमा सल्लागार, सूरत, 5'5 '' ,,,
7१7, हरीश कोतकर, ११-मे -२०१० १०.१०, मांडव, विमा-vडव्हायझर, फॉरेन कंट्री,''' '' ,,
418, हरीश कोतकर, 11-मे -2020 10.10, मांडव, विमाअडव्हायझर, अन्य, 5'5 '' ,,,
419, हरीश कोतकर, 11-मे -2020 10.10, मांडव, अन्य, मुंबई, 5'5 '' ,,,
420, हरीश कोतकर, 11-मे -2020 10.10, मांडव, अन्य, पुणे, 5'5 '' ,,,
421, हरीश कोतकर, 11-मे -2020 10.10, मांडव, अन्य, नासिक, 5'5 '' ,,,
422, हरीश कोतकर, 11-मे -2020 10.10, मांडव, अन्य, नागपूर, 5'5 '' ,,,
423, हरीश कोतकर, 11-मे -2020 10.10, मांडव, अन्य, औरंगाबाद, 5'5 '' ,,,
424, हरीश कोतकर, 11-मे -2020 10.10, मांडव, अन्य, धुळे, 5'5 '' ,,,
425, हरीश कोतकर, 11-मे -2020 10.10, मांडव, अन्य, जळगाव, 5'5 '' ,,,
426, हरीश कोतकर, 11-मे -2020 10.10, मांडव, अन्य, नंदुरबार, 5'5 '' ,,,
427, हरीश कोतकर, 11-मे -2020 10.10, मांडव, अन्य, सूरत, 5'5 '' ,,,
428, हरीश कोतकर, 11-मे -2020 10.10, मांडव, अन्य, परदेशी देश, 5'5 '' ,,,
429, हरीश कोतकर, 11-मे -2020 10.10, मांडव, अन्य, अन्य, 5'5 '' ,,,
430, हरीश कोतकर, 11-मे -2020 10.10, गहिलम, अभियंता, मुंबई, 5'5 '',
431, हरीश कोतकर, 11-मे -2020 10.10, गहिलम, अभियंता, पुणे, 5'5 '',
432, हरीश कोतकर, 11-मे -2020 10.10, गहिलम, अभियंता, नासिक, 5'5 '' ,,,
433, हरीश कोतकर, 11-मे -2020 10.10, गहिलम, अभियंता, नागपूर, 5'5 '',
434, हरीश कोतकर, 11-मे -2020 10.10, गहिलम, अभियंता, औरंगाबाद, 5'5 '',
435, हरीश कोतकर, 11-मे -2020 10.10, गहिलम, अभियंता, धुळे, 5'5 '' ,,,
436, हरीश कोतकर, 11-मे -2020 10.10, गहिलम, अभियंता, जळगाव, 5'5 '',
437, हरीश कोतकर, 11-मे -2020 10.10, गहिलम, अभियंता, नंदुरबार, 5'5 '' ,,,
438, हरीश कोतकर, 11-मे -2020 10.10, गहिलम, अभियंता, सूरत, 5'5 '' ,,,
439, हरीश कोतकर, 11-मे -2020 10.10, गहिलम, अभियंता, परदेशी देश, 5'5 '' ,,,
440, हरीश कोतकर, 11-मे -2020 10.10, गहिलम, अभियंता, अन्य, 5'5 '' ,,,
441, हरीश कोतकर, 11-मे -2020 10.10, गहिलम, डॉक्टर, मुंबई, 5'5 '' ,,,
442, हरीश कोतकर, 11-मे -2020 10.10, गहिलम, डॉक्टर, पुणे, 5'5 '' ,,,
443, हरीश कोतकर, 11-मे -2020 10.10, गहिलम, डॉक्टर, नाशिक, 5'5 '' ,,,
444, हरीश कोतकर, 11-मे -2020 10.10, गहिलम, डॉक्टर, नागपूर, 5'5 '' ,,,
445, हरीश कोतकर, 11-मे -2020 10.10, गहिलम, डॉक्टर, औरंगाबाद, 5'5 '' ,,,
446, हरीश कोतकर, 11-मे -2020 10.10, गहिलम, डॉक्टर, धुळे, 5'5 '' ,,,
447, हरीश कोतकर, 11-मे -2020 10.10, गहिलम, डॉक्टर, जळगाव, 5'5 '' ,,,
448, हरीश कोतकर, 11-मे -2020 10.10, गहिलम, डॉक्टर, नंदुरबार, 5'5 '' ,,,
449, हरीश कोतकर, 11-मे -2020 10.10, गहिलम, डॉक्टर, सूरत, 5'5 '' ,,,
450, हरीश कोतकर, 11-मे -2020 10.10, गहिलम, डॉक्टर, परदेशी देश, 5'5 '' ,,,
451, हरीश कोतकर, 11-मे -2020 10.10, गहिलम, डॉक्टर, इतर, 5'5 '' ,,,
452, हरीश कोतकर, 11-मे -2020 10.10, गहिलम, सीए, मुंबई, 5'5 '',
453, हरीश कोतकर, 11-मे -2020 10.10, गहिलम, सीए, पुणे, 5'5 '' ,,,
454, हरीश कोतकर, 11-मे -2020 10.10, गहिलम, सीए, नासिक, 5'5 '' ,,,
455, हरीश कोतकर, 11-मे -2020 10.10, गहिलम, सीए, नागपूर, 5'5 '' ,,,
456, हरीश कोतकर, 11-मे -2020 10.10, गहिलम, सीए, औरंगाबाद, 5'5 '',
457, हरीश कोतकर, 11-मे -2020 10.10, गहिलम, सीए, धुळे, 5'5 '' ,,,
458, हरीश कोतकर, 11-मे -2020 10.10, गहिलम, सीए, जळगाव, 5'5 '' ,,,
459, हरीश कोतकर, 11-मे -2020 10.10, गहिलम, सीए, नंदुरबार, 5'5 '' ,,,
460, हरीश कोतकर, 11-मे -2020 10.10, गहिलम, सीए, सूरत, 5'5 '' ,,,
461, हरीश कोतकर, 11-मे -2020 10.10, गहिलम, सीए, फॉरेनकंट्री, 5'5 '' ,,,
462, हरीश कोतकर, 11-मे -2020 10.10, गहिलम, सीए, अन्य, 5'5 '' ,,,
463, हरीश कोतकर, 11-मे -2020 10.10, गहिलम, व्यवसायिक, मुंबई, 5'5 '' ,,,
464, हरीश कोतकर, 11-मे -2020 10.10, गहिलम, व्यवसायिक, पुणे, 5'5 '' ,,,
465, हरीश कोतकर, 11-मे -2020 10.10, गहिलम, व्यवसायिक, नासिक, 5'5 '' ,,,
466, हरीश कोतकर, 11-मे -2020 10.10, गहिलम, व्यवसायिक, नागपूर, 5'5 '' ,,,
467, हरीश कोतकर, 11-मे -2020 10.10, गहिलम, व्यवसायी, औरंगाबाद, 5'5 '' ,,,
468, हरीश कोतकर, 11-मे -2020 10.10, गहिलम, व्यावसायिका, धुळे, 5'5 '' ,,,
469, हरीश कोतकर, 11-मे -2020 10.10, गहिलम, व्यावसायिका, जळगाव, 5'5 '' ,,,
470, हरीश कोतकर, 11-मे -2020 10.10, गहिलम, व्यावसायिका, नंदुरबार, 5'5 '' ,,,
471, हरीश कोतकर, 11-मे -2020 10.10, गहिलम, व्यवसायिक, सूरत, 5'5 '' ,,,
472, हरीश कोतकर, 11-मे -2020 10.10, गहिलम, व्यावसायिका, विदेशी देश, 5'5 '' ,,,
473, हरीश कोतकर, 11-मे -2020 10.10, गहिलम, व्यावसायिका, अन्य, 5'5 '' ,,,
474, हरीश कोतकर, 11-मे -2020 10.10, गहिलम, एंटरप्रेनर, मुंबई, 5'5 '' ,,,
475, हरीश कोतकर, 11-मे -2020 10.10, गहिलम, एंटरप्रेनर, पुणे, 5'5 '' ,,,
476, हरीश कोतकर, 11-मे -2020 10.10, गहिलम, एंटरप्रेनर, नासिक, 5'5 '' ,,,
477, हरीश कोतकर, 11-मे -2020 10.10, गहिलम, एंटरप्रेनर, नागपूर, 5'5 '' ,,,
478, हरीश कोतकर, 11-मे -2020 10.10, गहिलम, एंटरप्रेनर, औरंगाबाद, 5'5 '' ,,,
479, हरीश कोतकर, 11-मे -2020 10.10, गहिलम, एंटरप्रेनर, धुळे, 5'5 '' ,,,
480, हरीश कोतकर, 11-मे -2020 10.10, गहिलम, एंटरप्रेनर, जळगाव, 5'5 '' ,,,
481, हरीश कोतकर, 11-मे -2020 10.10, गहिलम, एंटरप्रेनर, नंदुरबार, 5'5 '' ,,,
482, हरीश कोतकर, 11-मे -2020 10.10, गहिलम, एंटरप्रेनर, सूरत, 5'5 '' ,,,
483, हरीश कोतकर, 11-मे -2020 10.10, गहिलम, एंटरप्रेनर, परदेशी देश, 5'5 '' ,,,
484, हरीश कोतकर, 11-मे -2020 10.10, गहिलम, एंटरप्रेनर, अन्य, 5'5 '' ,,,
485, हरीश कोतकर, 11-मे -2020 10.10, गहिलम, बिल्डर, मुंबई, 5'5 '' ,,,
486, हरीश कोतकर, 11-मे -2020 10.10, गहिलम, बिल्डर, पुणे, 5'5 '' ,,,
487, हरीश कोतकर, 11-मे -2020 10.10, गहिलम, बिल्डर, नासिक, 5'5 '' ,,,
488, हरीश कोतकर, 11-मे -2020 10.10, गहिलम, बिल्डर, नागपूर, 5'5 '' ,,,
489, हरीश कोतकर, 11-मे -2020 10.10, गहिलम, बिल्डर, औरंगाबाद, 5'5 '' ,,,
490, हरीश कोतकर, 11-मे -2020 10.10, गहिलम, बिल्डर, धुळे, 5'5 '' ,,,
491, हरीश कोतकर, 11-मे -2020 10.10, गहिलम, बिल्डर, जळगाव, 5'5 '' ,,,
492, हरीश कोतकर, 11-मे -2020 10.10, गहिलम, बिल्डर, नंदुरबार, 5'5 '' ,,,
493, हरीश कोतकर, 11-मे -2020 10.10, गहिलम, बिल्डर, सूरत, 5'5 '' ,,,
494, हरीश कोतकर, 11-मे -2020 10.10, गहिलम, बिल्डर, परदेशी देश, 5'5 '' ,,,
495, हरीश कोतकर, 11-मे -2020 10.10, गहिलम, बिल्डर, अन्य, 5'5 '' ,,,
496, हरीश कोतकर, 11-मे -2020 10.10, गहिलम, शिक्षक, मुंबई, 5'5 '',
497, हरीश कोतकर, 11-मे -2020 10.10, गहिलम, शिक्षक, पुणे, 5'5 '',
498, हरीश कोतकर, 11-मे -2020 10.10, गहिलम, शिक्षक, नाशिक, 5'5 '' ,,,
499, हरीश कोतकर, 11-मे -2020 10.10, गहिलम, शिक्षक, नागपूर, 5'5 '' ,,,
500, हरीश कोतकर, 11-मे -2020 10.10, गहिलम, शिक्षक, औरंगाबाद, 5'5 '',
501, हरीश कोतकर, 11-मे -2020 10.10, गहिलम, शिक्षक, धुळे, 5'5 '' ,,,
502, हरीश कोतकर, 11-मे -2020 10.10, गहिलम, शिक्षक, जळगाव, 5'5 '' ,,,
503, हरीश कोतकर, 11-मे -2020 10.10, गहिलम, शिक्षक, नंदुरबार, 5'5 '' ,,,
504, हरीश कोतकर, 11-मे -2020 10.10, गहिलम, शिक्षक, सूरत, 5'5 '' ,,,
505, हरीश कोतकर, 11-मे -2020 10.10, गहिलम, शिक्षक, परदेशी देश, 5'5 '' ,,,
506, हरीश कोतकर, 11-मे -2020 10.10, गहिलम, शिक्षक, अन्य, 5'5 '' ,,,
507, हरीश कोतकर, 11-मे -2020 10.10, गहिलम, फरमार, मुंबई, 5'5 '' ,,,
508, हरीश कोतकर, 11-मे -2020 10.10, गहिलम, फरमार, पुणे, 5'5 '' ,,,
509, हरीश कोतकर, 11-मे -2020 10.10, गहिलम, फरमार, नासिक, 5'5 '' ,,,
510, हरीश कोतकर, 11-मे -2020 10.10, गहिलम, फरमार, नागपूर, 5'5 '' ,,,
511, हरीश कोतकर, 11-मे -2020 10.10, गहिलम, फरमार, औरंगाबाद, 5'5 '' ,,,
512, हरीश कोतकर, 11-मे -2020 10.10, गहिलम, फरमार, धुळे, 5'5 '' ,,,
513, हरीश कोतकर, 11-मे -2020 10.10, गहिलम, फरमार, जळगाव, 5'5 '' ,,,
514, हरीश कोतकर, 11-मे -2020 10.10, गहिलम, फरमार, नंदुरबार, 5'5 '' ,,,
515, हरीश कोतकर, 11-मे -2020 10.10, गहिलम, फरमार, सूरत, 5'5 '' ,,,
516, हरीश कोतकर, 11-मे -2020 10.10, गहिलम, फरमार, फॉरेनकंट्री, 5'5 '' ,,,
517, हरीश कोतकर, 11-मे -2020 10.10, गहिलम, फरमार, अन्य, 5'5 '' ,,,
518, हरीश कोतकर, 11-मे -2020 10.10, गहिलम, बँक मॅनेजर, मुंबई, 5'5 '' ,,,
519, हरीश कोतकर, 11-मे -2020 10.10, गहिलम, बँक मॅनेजर, पुणे, 5'5 '' ,,,
520, हरीश कोतकर, 11-मे -2020 10.10, गहिलम, बँक मॅनेजर, नाशिक, 5'5 '' ,,,
521, हरीश कोतकर, 11-मे -2020 10.10, गहिलम, बँक मॅनेजर, नागपूर, 5'5 '' ,,,
522, हरीश कोतकर, 11-मे -2020 10.10, गहिलम, बँक मॅनेजर, औरंगाबाद, 5'5 '' ,,,
523, हरीश कोतकर, 11-मे -2020 10.10, गहिलम, बँक मॅनेजर, धुळे, 5'5 '' ,,,
524, हरीश कोतकर, 11-मे -2020 10.10, गहिलम, बँक मॅनेजर, जळगाव, 5'5 '' ,,,
525, हरीश कोतकर, 11-मे -2020 10.10, गहिलम, बँक मॅनेजर, नंदुरबार, 5'5 '' ,,,
526, हरीश कोतकर, 11-मे -2020 10.10, गहिलम, बँक मॅनेजर, सूरत, 5'5 '' ,,,
527, हरीश कोतकर, 11-मे -2020 10.10, गहिलम, बँक मॅनेजर, फॉरेनकाउंट्री, 5'5 '' ,,,
528, हरीश कोतकर, 11-मे -2020 10.10, गहिलम, बँक मॅनेजर, अन्य, 5'5 '' ,,,
529, हरीश कोतकर, 11-मे -2020 10.10, गहिलम, फार्मासिस्ट, मुंबई, 5'5 '' ,,,
530, हरीश कोतकर, 11-मे -2020 10.10, गहिलम, फार्मासिस्ट, पुणे, 5'5 '' ,,,
531, हरीश कोतकर, 11-मे -2020 10.10, गहिलम, फार्मासिस्ट, नाशिक, 5'5 '' ,,,
532, हरीश कोतकर, 11-मे -2020 10.10, गहिलम, फार्मासिस्ट, नागपूर, 5'5 '' ,,,
533, हरीश कोतकर, 11-मे -2020 10.10, गहिलम, फार्मासिस्ट, औरंगाबाद, 5'5 '' ,,,
534, हरीश कोतकर, 11-मे -2020 10.10, गहिलम, फार्मासिस्ट, धुळे, 5'5 '' ,,,
535, हरीश कोतकर, 11-मे -2020 10.10, गहिलम, फार्मासिस्ट, जळगाव, 5'5 '' ,,,
536, हरीश कोतकर, 11-मे -2020 10.10, गहिलम, फार्मासिस्ट, नंदुरबार, 5'5 '' ,,,
537, हरीश कोतकर, 11-मे -2020 10.10, गहिलम, फार्मासिस्ट, सूरत, 5'5 '' ,,,
538, हरीश कोतकर, 11-मे -2020 10.10, गहिलम, फार्मासिस्ट, फॉरेनकंट्री, 5'5 '' ,,,
539, हरीश कोतकर, 11-मे -2020 10.10, गहिलम, फार्मासिस्ट, अन्य, 5'5 '' ,,,
540, हरीश कोतकर, 11-मे -2020 10.10, गहिलम, एमआर, मुंबई, 5'5 '',
541, हरीश कोतकर, 11-मे -2020 10.10, गहिलम, एमआर, पुणे, 5'5 '' ,,,
542, हरीश कोतकर, 11-मे -2020 10.10, गहिलम, एमआर, नासिक, 5'5 '' ,,,
543, हरीश कोतकर, 11-मे -2020 10.10, गहिलम, एमआर, नागपूर, 5'5 '',
544, हरीश कोतकर, 11-मे -2020 10.10, गहिलम, एमआर, औरंगाबाद, 5'5 '',
545, हरीश कोतकर, 11-मे -2020 10.10, गहिलम, एमआर, धुळे, 5'5 '' ,,,
546, हरीश कोतकर, 11-मे -2020 10.10, गहिलम, एमआर, जळगाव, 5'5 '' ,,,
547, हरीश कोतकर, 11-मे -2020 10.10, गहिलम, एमआर, नंदुरबार, 5'5 '' ,,,
548, हरीश कोतकर, 11-मे -2020 10.10, गहिलम, एमआर, सूरत, 5'5 '' ,,,
549, हरीश कोतकर, 11-मे -2020 10.10, गहिलम, एमआर, फॉरेनकंट्री, 5'5 '' ,,,
550, हरीश कोतकर, 11-मे -2020 10.10, गहिलम, एमआर, अन्य, 5'5 '' ,,,
551, हरीश कोतकर, 11-मे -2020 10.10, गहिलम, विमा सल्लागार, मुंबई, 5'5 '' ,,,
552, हरीश कोतकर, 11-मे -2020 10.10, गहिलम, विमा सल्लागार, पुणे, 5'5 '' ,,,
553, हरीश कोतकर, 11-मे -2020 10.10, गहिलम, विमा सल्लागार, नासिक, 5'5 '' ,,,
554, हरीश कोतकर, 11-मे -2020 10.10, गहिलम, विमा सल्लागार, नागपूर, 5'5 '' ,,,
555, हरीश कोतकर, 11-मे -2020 10.10, गहिलम, विमा सल्लागार, औरंगाबाद, 5'5 '' ,,,
556, हरीश कोतकर, 11-मे -2020 10.10, गहिलम, विमा सल्लागार, धुळे, 5'5 '' ,,,
557, हरीश कोतकर, 11-मे -2020 10.10, गहिलम, विमा सल्लागार, जळगाव, 5'5 '' ,,,
558, हरीश कोतकर, 11-मे -2020 10.10, गहिलम, विमा सल्लागार, नंदुरबार, 5'5 '' ,,,
559, हरीश कोतकर, 11-मे -2020 10.10, गहिलम, विमा सल्लागार, सूरत, 5'5 '' ,,,
560, हरीश कोतकर, 11-मे -2020 10.10, गहिलम, विमाअडव्हायझर, फॉरेन कंट्री, 5'5 '' ,,,
561, हरीश कोतकर, 11-मे -2020 10.10, गहिलम, विमा-सल्लागार, अन्य, 5'5 '' ,,,
562, हरीश कोतकर, 11-मे -2020 10.10, गहिलम, अन्य, मुंबई, 5'5 '',
563, हरीश कोतकर, 11-मे -2020 10.10, गहिलम, अन्य, पुणे, 5'5 '' ,,,
564, हरीश कोतकर, 11-मे -2020 10.10, गहिलम, अन्य, नासिक, 5'5 '' ,,,
565, हरीश कोतकर, 11-मे -2020 10.10, गहिलम, अन्य, नागपूर, 5'5 '' ,,,
566, हरीश कोतकर, 11-मे -2020 10.10, गहिलम, अन्य, औरंगाबाद, 5'5 '' ,,,
567, हरीश कोतकर, 11-मे -2020 10.10, गहिलम, अन्य, धुळे, 5'5 '' ,,,
568, हरीश कोतकर, 11-मे -2020 10.10, गहिलम, अन्य, जळगाव, 5'5 '' ,,,
569, हरीश कोतकर, 11-मे -2020 10.10, गहिलम, अन्य, नंदुरबार, 5'5 '' ,,,
570, हरीश कोतकर, 11-मे -2020 10.10, गहिलम, अन्य, सूरत, 5'5 '' ,,,
571, हरीश कोतकर, 11-मे -2020 10.10, गहिलम, अन्य, परदेशी देश, 5'5 '' ,,,
572, हरीश कोतकर, 11-मे -2020 10.10, गहिलम, अन्य, अन्य, 5'5 '' ,,,
573, हरीश कोतकर, 11-मे -2020 10.10, गौतम, अभियंता, मुंबई, 5'5 '',
574, हरीश कोतकर, 11-मे -2020 10.10, गौतम, अभियंता, पुणे, 5'5 '',
575, हरीश कोतकर, 11-मे -2020 10.10, गौतम, अभियंता, नाशिक, 5'5 '' ,,,
576, हरीश कोतकर, 11-मे -2020 10.10, गौतम, अभियंता, नागपूर, 5'5 '',
577, हरीश कोतकर, 11-मे -2020 10.10, गौतम, अभियंता, औरंगाबाद, 5'5 '',
578, हरीश कोतकर, 11-मे -2020 10.10, गौतम, अभियंता, धुळे, 5'5 '' ,,,
579, हरीश कोतकर, 11-मे -2020 10.10, गौतम, अभियंता, जळगाव, 5'5 '',
580, हरीश कोतकर, 11-मे -2020 10.10, गौतम, अभियंता, नंदुरबार, 5'5 '' ,,,
581, हरीश कोतकर, 11-मे -2020 10.10, गौतम, अभियंता, सूरत, 5'5 '' ,,,
582, हरीश कोतकर, 11-मे -2020 10.10, गौतम, अभियंता, परदेशी देश, 5'5 '' ,,,
583, हरीश कोतकर, 11-मे -2020 10.10, गौतम, अभियंता, अन्य, 5'5 '' ,,,
584, हरीश कोतकर, 11-मे -2020 10.10, गौतम, डॉक्टर, मुंबई, 5'5 '',
585, हरीश कोतकर, 11-मे -2020 10.10, गौतम, डॉक्टर, पुणे, 5'5 '' ,,,
586, हरीश कोतकर, 11-मे -2020 10.10, गौतम, डॉक्टर, नाशिक, 5'5 '' ,,,
587, हरीश कोतकर, 11-मे -2020 10.10, गौतम, डॉक्टर, नागपूर, 5'5 '' ,,,
588, हरीश कोतकर, 11-मे -2020 10.10, गौतम, डॉक्टर, औरंगाबाद, 5'5 '',
589, हरीश कोतकर, 11-मे -2020 10.10, गौतम, डॉक्टर, धुळे, 5'5 '' ,,,
590, हरीश कोतकर, 11-मे -2020 10.10, गौतम, डॉक्टर, जळगाव, 5'5 '' ,,,
591, हरीश कोतकर, 11-मे -2020 10.10, गौतम, डॉक्टर, नंदुरबार, 5'5 '' ,,,
592, हरीश कोतकर, 11-मे -2020 10.10, गौतम, डॉक्टर, सूरत, 5'5 '' ,,,
593, हरीश कोतकर, 11-मे -2020 10.10, गौतम, डॉक्टर, फॉरेनकाऊंट्री, 5'5 '' ,,,
594, हरीश कोतकर, 11-मे -2020 10.10, गौतम, डॉक्टर, इतर, 5'5 '' ,,,
595, हरीश कोतकर, 11-मे -2020 10.10, गौतम, सीए, मुंबई, 5'5 '',
596, हरीश कोतकर, 11-मे -2020 10.10, गौतम, सीए, पुणे, 5'5 '' ,,,
597, हरीश कोतकर, 11-मे -2020 10.10, गौतम, सीए, नासिक, 5'5 '' ,,,
598, हरीश कोतकर, 11-मे -2020 10.10, गौतम, सीए, नागपूर, 5'5 '' ,,,
599, हरीश कोतकर, 11-मे -2020 10.10, गौतम, सीए, औरंगाबाद, 5'5 '',
600, हरीश कोतकर, 11-मे -2020 10.10, गौतम, सीए, धुळे, 5'5 '' ,,,
601, हरीश कोतकर, 11-मे -2020 10.10, गौतम, सीए, जळगाव, 5'5 '' ,,,
602, हरीश कोतकर, 11-मे -2020 10.10, गौतम, सीए, नंदुरबार, 5'5 '' ,,,
603, हरीश कोतकर, 11-मे -2020 10.10, गौतम, सीए, सूरत, 5'5 '' ,,,
604, हरीश कोतकर, 11-मे -2020 10.10, गौतम, सीए, फॉरेनकंट्री, 5'5 '' ,,,
605, हरीश कोतकर, 11-मे -2020 10.10, गौतम, सीए, अन्य, 5'5 '' ,,,
606, हरीश कोतकर, 11-मे -2020 10.10, गौतम, बिझनेसमन, मुंबई, 5'5 '',
607, हरीश कोतकर, 11-मे -2020 10.10, गौतम, व्यवसायिक, पुणे, 5'5 '' ,,,
608, हरीश कोतकर, 11-मे -2020 10.10, गौतम, व्यवसायिक, नासिक, 5'5 '' ,,,
609, हरीश कोतकर, 11-मे -2020 10.10, गौतम, बिझनेसमन, नागपूर, 5'5 '' ,,,
610, हरीश कोतकर, 11-मे -2020 10.10, गौतम, व्यवसायिक, औरंगाबाद, 5'5 '' ,,,
611, हरीश कोतकर, 11-मे -2020 10.10, गौतम, उद्योगपती, धुळे, 5'5 '' ,,,
612, हरीश कोतकर, 11-मे -2020 10.10, गौतम, व्यावसायिका, जळगाव, 5'5 '' ,,,
613, हरीश कोतकर, 11-मे -2020 10.10, गौतम, व्यवसायिक, नंदुरबार, 5'5 '' ,,,
614, हरीश कोतकर, 11-मे -2020 10.10, गौतम, बिझनेसमन, सूरत, 5'5 '' ,,,
615, हरीश कोतकर, 11-मे -2020 10.10, गौतम, बिझनेसमन, फॉरेनकाउंट्री, 5'5 '' ,,,
616, हरीश कोतकर, 11-मे -2020 10.10, गौतम, उद्योगपती, अन्य, 5'5 '' ,,,
617, हरीश कोतकर, 11-मे -2020 10.10, गौतम, एंटरप्रेनर, मुंबई, 5'5 '' ,,,
618, हरीश कोतकर, 11-मे -2020 10.10, गौतम, एंटरप्रेनर, पुणे, 5'5 '' ,,,
619, हरीश कोतकर, 11-मे -2020 10.10, गौतम, एंटरप्रेनर, नासिक, 5'5 '' ,,,
620, हरीश कोतकर, 11-मे -2020 10.10, गौतम, एंटरप्रेनर, नागपूर, 5'5 '' ,,,
621, हरीश कोतकर, 11-मे -2020 10.10, गौतम, एंटरप्रेनर, औरंगाबाद, 5'5 '' ,,,
622, हरीश कोतकर, 11-मे -2020 10.10, गौतम, एंटरप्रेनर, धुळे, 5'5 '' ,,,
623, हरीश कोतकर, 11-मे -2020 10.10, गौतम, एंटरप्रेनर, जळगाव, 5'5 '' ,,,
624, हरीश कोतकर, 11-मे -2020 10.10, गौतम, एंटरप्रेनर, नंदुरबार, 5'5 '' ,,,
625, हरीश कोतकर, 11-मे -2020 10.10, गौतम, एंटरप्रेनर, सूरत, 5'5 '' ,,,
626, हरीश कोतकर, 11-मे -2020 10.10, गौतम, एंटरप्रेनर, फॉरेनकंट्री, 5'5 '' ,,,
627, हरीश कोतकर, 11-मे -2020 10.10, गौतम, एंटरप्रेनर, अन्य, 5'5 '' ,,,
628, हरीश कोतकर, 11-मे -2020 10.10, गौतम, बिल्डर, मुंबई, 5'5 '',
629, हरीश कोतकर, 11-मे -2020 10.10, गौतम, बिल्डर, पुणे, 5'5 '' ,,,
630, हरीश कोतकर, 11-मे -2020 10.10, गौतम, बिल्डर, नासिक, 5'5 '' ,,,
631, हरीश कोतकर, 11-मे -2020 10.10, गौतम, बिल्डर, नागपूर, 5'5 '' ,,,
632, हरीश कोतकर, 11-मे -2020 10.10, गौतम, बिल्डर, औरंगाबाद, 5'5 '' ,,,
633, हरीश कोतकर, 11-मे -2020 10.10, गौतम, बिल्डर, धुळे, 5'5 '' ,,,
634, हरीश कोतकर, 11-मे -2020 10.10, गौतम, बिल्डर, जळगाव, 5'5 '' ,,,
635, हरीश कोतकर, 11-मे -2020 10.10, गौतम, बिल्डर, नंदुरबार, 5'5 '' ,,,
636, हरीश कोतकर, 11-मे -2020 10.10, गौतम, बिल्डर, सूरत, 5'5 '' ,,,
637, हरीश कोतकर, 11-मे -2020 10.10, गौतम, बिल्डर, फॉरेनकाऊंट्री, 5'5 '' ,,,
638, हरीश कोतकर, 11-मे -2020 10.10, गौतम, बिल्डर, अन्य, 5'5 '' ,,,
639, हरीश कोतकर, 11-मे -2020 10.10, गौतम, शिक्षक, मुंबई, 5'5 '',
640, हरीश कोतकर, 11-मे -2020 10.10, गौतम, शिक्षक, पुणे, 5'5 '' ,,,
641, हरीश कोतकर, 11-मे -2020 10.10, गौतम, शिक्षक, नाशिक, 5'5 '' ,,,
642, हरीश कोतकर, 11-मे -2020 10.10, गौतम, शिक्षक, नागपूर, 5'5 '' ,,,
643, हरीश कोतकर, 11-मे -2020 10.10, गौतम, शिक्षक, औरंगाबाद, 5'5 '',
644, हरीश कोतकर, 11-मे -2020 10.10, गौतम, शिक्षक, धुळे, 5'5 '' ,,,
645, हरीश कोतकर, 11-मे -2020 10.10, गौतम, शिक्षक, जळगाव, 5'5 '' ,,,
646, हरीश कोतकर, 11-मे -2020 10.10, गौतम, शिक्षक, नंदुरबार, 5'5 '' ,,,
647, हरीश कोतकर, 11-मे -2020 10.10, गौतम, शिक्षक, सूरत, 5'5 '' ,,,
648, हरीश कोतकर, 11-मे -2020 10.10, गौतम, शिक्षक, परदेशी देश, 5'5 '' ,,,
649, हरीश कोतकर, 11-मे -2020 10.10, गौतम, शिक्षक, इतर, 5'5 '' ,,,
650, हरीश कोतकर, 11-मे -2020 10.10, गौतम, फरमार, मुंबई, 5'5 '' ,,,
651, हरीश कोतकर, 11-मे -2020 10.10, गौतम, फरमार, पुणे, 5'5 '' ,,,
652, हरीश कोतकर, 11-मे -2020 10.10, गौतम, फरमार, नासिक, 5'5 '' ,,,
653, हरीश कोतकर, 11-मे -2020 10.10, गौतम, फरमार, नागपूर, 5'5 '' ,,,
654, हरीश कोतकर, 11-मे -2020 10.10, गौतम, फरमार, औरंगाबाद, 5'5 '' ,,,
655, हरीश कोतकर, 11-मे -2020 10.10, गौतम, फरमार, धुळे, 5'5 '' ,,,
656, हरीश कोतकर, 11-मे -2020 10.10, गौतम, फरमार, जळगाव, 5'5 '' ,,,
657, हरीश कोतकर, 11-मे -2020 10.10, गौतम, फरमार, नंदुरबार, 5'5 '' ,,,
658, हरीश कोतकर, 11-मे -2020 10.10, गौतम, फरमार, सूरत, 5'5 '' ,,,
659, हरीश कोतकर, 11-मे -2020 10.10, गौतम, फरमार, फॉरेनकंट्री, 5'5 '' ,,,
660, हरीश कोतकर, 11-मे -2020 10.10, गौतम, फरमार, अन्य, 5'5 '' ,,,
661, हरीश कोतकर, 11-मे -2020 10.10, गौतम, बँक मॅनेजर, मुंबई, 5'5 '' ,,,
662, हरीश कोतकर, 11-मे -2020 10.10, गौतम, बँक मॅनेजर, पुणे, 5'5 '' ,,,
663, हरीश कोतकर, 11-मे -2020 10.10, गौतम, बँक मॅनेजर, नाशिक, 5'5 '' ,,,
664, हरीश कोतकर, 11-मे -2020 10.10, गौतम, बँक मॅनेजर, नागपूर, 5'5 '' ,,,
665, हरीश कोतकर, 11-मे -2020 10.10, गौतम, बँक मॅनेजर, औरंगाबाद, 5'5 '' ,,,
666, हरीश कोतकर, 11-मे -2020 10.10, गौतम, बँक मॅनेजर, धुळे, 5'5 '' ,,,
667, हरीश कोतकर, 11-मे -2020 10.10, गौतम, बँक मॅनेजर, जळगाव, 5'5 '' ,,,
668, हरीश कोतकर, 11-मे -2020 10.10, गौतम, बँक मॅनेजर, नंदुरबार, 5'5 '' ,,,
669, हरीश कोतकर, 11-मे -2020 10.10, गौतम, बँक मॅनेजर, सूरत, 5'5 '' ,,,
670, हरीश कोतकर, 11-मे -2020 10.10, गौतम, बँक मॅनेजर, फॉरेनकाउंट्री, 5'5 '' ,,,
671, हरीश कोतकर, 11-मे -2020 10.10, गौतम, बँक मॅनेजर, अन्य, 5'5 '' ,,,
672, हरीश कोतकर, 11-मे -2020 10.10, गौतम, फार्मासिस्ट, मुंबई, 5'5 '' ,,,
673, हरीश कोतकर, 11-मे -2020 10.10, गौतम, फार्मासिस्ट, पुणे, 5'5 '' ,,,
674, हरीश कोतकर, 11-मे -2020 10.10, गौतम, फार्मासिस्ट, नाशिक, 5'5 '' ,,,
675, हरीश कोतकर, 11-मे -2020 10.10, गौतम, फार्मासिस्ट, नागपूर, 5'5 '' ,,,
676, हरीश कोतकर, 11-मे -2020 10.10, गौतम, फार्मासिस्ट, औरंगाबाद, 5'5 '' ,,,
677, हरीश कोतकर, 11-मे -2020 10.10, गौतम, फार्मासिस्ट, धुळे, 5'5 '' ,,,
678, हरीश कोतकर, 11-मे -2020 10.10, गौतम, फार्मासिस्ट, जळगाव, 5'5 '' ,,,
679, हरीश कोतकर, 11-मे -2020 10.10, गौतम, फार्मासिस्ट, नंदुरबार, 5'5 '' ,,,
680, हरीश कोतकर, 11-मे -2020 10.10, गौतम, फार्मासिस्ट, सूरत, 5'5 '' ,,,
681, हरीश कोतकर, 11-मे -2020 10.10, गौतम, फार्मासिस्ट, फॉरेनकाउंट्री, 5'5 '' ,,,
682, हरीश कोतकर, 11-मे -2020 10.10, गौतम, फार्मासिस्ट, अन्य, 5'5 '' ,,,
683, हरीश कोतकर, 11-मे -2020 10.10, गौतम, एमआर, मुंबई, 5'5 '',
684, हरीश कोतकर, 11-मे -2020 10.10, गौतम, एमआर, पुणे, 5'5 '' ,,,
685, हरीश कोतकर, 11-मे -2020 10.10, गौतम, एमआर, नासिक, 5'5 '' ,,,
686, हरीश कोतकर, 11-मे -2020 10.10, गौतम, एमआर, नागपूर, 5'5 '',
687, हरीश कोतकर, 11-मे -2020 10.10, गौतम, एमआर, औरंगाबाद, 5'5 '',
688, हरीश कोतकर, 11-मे -2020 10.10, गौतम, एमआर, धुळे, 5'5 '' ,,,
689, हरीश कोतकर, 11-मे -2020 10.10, गौतम, एमआर, जळगाव, 5'5 '' ,,,
690, हरीश कोतकर, 11-मे -2020 10.10, गौतम, एमआर, नंदुरबार, 5'5 '' ,,,
691, हरीश कोतकर, 11-मे -2020 10.10, गौतम, एमआर, सूरत, 5'5 '' ,,,
692, हरीश कोतकर, 11-मे -2020 10.10, गौतम, एमआर, फॉरेनकाउंट्री, 5'5 '' ,,,
693, हरीश कोतकर, 11-मे -2020 10.10, गौतम, एमआर, अन्य, 5'5 '' ,,,
694, हरीश कोतकर, 11-मे -2020 10.10, गौतम, विमा-अ‍ॅडव्हायझर, मुंबई, 5'5 '' ,,,
695, हरीश कोतकर, 11-मे -2020 10.10, गौतम, विमा प्रशासन, पुणे, 5'5 '' ,,,
696, हरीश कोतकर, 11-मे -2020 10.10, गौतम, विमा प्रशासन, नासिक, 5'5 '' ,,,
697, हरीश कोतकर, 11-मे -2020 10.10, गौतम, विमा प्रशासन, नागपूर, 5'5 '' ,,,
698, हरीश कोतकर, 11-मे -2020 10.10, गौतम, विमा सल्लागार, औरंगाबाद, 5'5 '' ,,,
699, हरीश कोतकर, 11-मे -2020 10.10, गौतम, विमा अ‍ॅडव्हायझर, धुळे, 5'5 '' ,,,
700, हरीश कोतकर, 11-मे -2020 10.10, गौतम, विमा सल्लागार, जळगाव, 5'5 '' ,,,
701, हरीश कोतकर, 11-मे -2020 10.10, गौतम, विमा सल्लागार, नंदुरबार, 5'5 '' ,,,
702, हरीश कोतकर, 11-मे -2020 10.10, गौतम, विमा सल्लागार, सूरत, 5'5 '' ,,,
703, हरीश कोतकर, 11-मे -2020 10.10, गौतम, विमा-vडव्हायझर, फॉरेन कंट्री, 5'5 '',
704, हरीश कोतकर, 11-मे -2020 10.10, गौतम, विमा सल्लागार, इतर, 5'5 '' ,,,
705, हरीश कोतकर, 11-मे -2020 10.10, गौतम, अन्य, मुंबई, 5'5 '' ,,,
706, हरीश कोतकर, 11-मे -2020 10.10, गौतम, अन्य, पुणे, 5'5 '' ,,,
707, हरीश कोतकर, 11-मे -2020 10.10, गौतम, अन्य, नासिक, 5'5 '' ,,,
708, हरीश कोतकर, 11-मे -2020 10.10, गौतम, अन्य, नागपूर, 5'5 '' ,,,
709, हरीश कोतकर, 11-मे -2020 10.10, गौतम, अन्य, औरंगाबाद, 5'5 '' ,,,
710, हरीश कोतकर, 11-मे -2020 10.10, गौतम, अन्य, धुळे, 5'5 '' ,,,
711, हरीश कोतकर, 11-मे -2020 10.10, गौतम, अन्य, जळगाव, 5'5 '' ,,,
712, हरीश कोतकर, 11-मे -2020 10.10, गौतम, अन्य, नंदुरबार, 5'5 '' ,,,
713, हरीश कोतकर, 11-मे -2020 10.10, गौतम, अन्य, सूरत, 5'5 '' ,,,
714, हरीश कोतकर, 11-मे -2020 10.10, गौतम, अन्य, परदेशी देश, 5'5 '' ,,,
715, हरीश कोतकर, 11-मे -2020 10.10, गौतम, अन्य, अन्य, 5'5 '' ,,,
716, हरीश कोतकर, 11-मे -2020 10.10, लोकक्ष, अभियंता, मुंबई, 5'5 '',
717, हरीश कोतकर, 11-मे -2020 10.10, लोकक्ष, अभियंता, पुणे, 5'5 '' ,,,
718, हरीश कोतकर, 11-मे -2020 10.10, लोकक्ष, अभियंता, नाशिक, 5'5 '' ,,,
719, हरीश कोतकर, 11-मे -2020 10.10, लोकक्ष, अभियंता, नागपूर, 5'5 '' ,,,
720, हरीश कोतकर, 11-मे -2020 10.10, लोकक्ष, अभियंता, औरंगाबाद, 5'5 '',
721, हरीश कोतकर, 11-मे -2020 10.10, लोकक्ष, अभियंता, धुळे, 5'5 '' ,,,
722, हरीश कोतकर, 11-मे -2020 10.10, लोकक्ष, अभियंता, जळगाव, 5'5 '' ,,,
723, हरीश कोतकर, 11-मे -2020 10.10, लोकक्ष, अभियंता, नंदुरबार, 5'5 '' ,,,
724, हरीश कोतकर, 11-मे -2020 10.10, लोकक्ष, अभियंता, सूरत, 5'5 '' ,,,
725, हरीश कोतकर, 11-मे -2020 10.10, लोकक्ष, अभियंता, परदेशी देश, 5'5 '' ,,,
726, हरीश कोतकर, 11-मे -2020 10.10, लोकक्ष, अभियंता, अन्य, 5'5 '' ,,,
727, हरीश कोतकर, 11-मे -2020 10.10, लोकक्ष, डॉक्टर, मुंबई, 5'5 '',
728, हरीश कोतकर, 11-मे -2020 10.10, लोकक्ष, डॉक्टर, पुणे, 5'5 '' ,,,
729, हरीश कोतकर, 11-मे -2020 10.10, लोकक्ष, डॉक्टर, नाशिक, 5'5 '' ,,,
730, हरीश कोतकर, 11-मे -2020 10.10, लोकक्ष, डॉक्टर, नागपूर, 5'5 '' ,,,
731, हरीश कोतकर, 11-मे -2020 10.10, लोकक्ष, डॉक्टर, औरंगाबाद, 5'5 '' ,,,
732, हरीश कोतकर, 11-मे -2020 10.10, लोकक्ष, डॉक्टर, धुळे, 5'5 '' ,,,
733, हरीश कोतकर, 11-मे -2020 10.10, लोकक्ष, डॉक्टर, जळगाव, 5'5 '' ,,,
734, हरीश कोतकर, 11-मे -2020 10.10, लोकक्ष, डॉक्टर, नंदुरबार, 5'5 '' ,,,
735, हरीश कोतकर, 11-मे -2020 10.10, लोकक्ष, डॉक्टर, सूरत, 5'5 '' ,,,
736, हरीश कोतकर, 11-मे -2020 10.10, लोकक्ष, डॉक्टर, विदेशी देश, 5'5 '' ,,,
737, हरीश कोतकर, 11-मे -2020 10.10, लोकक्ष, डॉक्टर, इतर, 5'5 '' ,,,
738, हरीश कोतकर, 11-मे -2020 10.10, लोकक्ष, सीए, मुंबई, 5'5 '' ,,,
739, हरीश कोतकर, 11-मे -2020 10.10, लोकक्ष, सीए, पुणे, 5'5 '' ,,,
740, हरीश कोतकर, 11-मे -2020 10.10, लोकक्ष, सीए, नासिक, 5'5 '' ,,,
741, हरीश कोतकर, 11-मे -2020 10.10, लोकक्ष, सीए, नागपूर, 5'5 '' ,,,
742, हरीश कोतकर, 11-मे -2020 10.10, लोकक्ष, सीए, औरंगाबाद, 5'5 '' ,,,
743, हरीश कोतकर, 11-मे -2020 10.10, लोकक्ष, सीए, धुळे, 5'5 '' ,,,
744, हरीश कोतकर, 11-मे -2020 10.10, लोकक्ष, सीए, जळगाव, 5'5 '' ,,,
745, हरीश कोतकर, 11-मे -2020 10.10, लोकक्ष, सीए, नंदुरबार, 5'5 '' ,,,
746, हरीश कोतकर, 11-मे -2020 10.10, लोकक्ष, सीए, सूरत, 5'5 '' ,,,
747, हरीश कोतकर, 11-मे -2020 10.10, लोकक्ष, सीए, परदेशी देश, 5'5 '' ,,,
748, हरीश कोतकर, 11-मे -2020 10.10, लोकक्ष, सीए, अन्य, 5'5 '' ,,,
749, हरीश कोतकर, 11-मे -2020 10.10, लोकक्ष, व्यवसायिक, मुंबई, 5'5 '' ,,,
750, हरीश कोतकर, 11-मे -2020 10.10, लोकक्ष, व्यवसायिक, पुणे, 5'5 '' ,,,
751, हरीश कोतकर, 11-मे -2020 10.10, लोकक्ष, व्यवसायिक, नासिक, 5'5 '' ,,,
752, हरीश कोतकर, 11-मे -2020 10.10, लोकक्ष, व्यवसायिक, नागपूर, 5'5 '' ,,,
753, हरीश कोतकर, 11-मे -2020 10.10, लोकक्ष, व्यवसायी, औरंगाबाद, 5'5 '',
754, हरीश कोतकर, 11-मे -2020 10.10, लोकक्ष, व्यवसायी, धुळे, 5'5 '' ,,,
755, हरीश कोतकर, 11-मे -2020 10.10, लोकक्ष, व्यवसायी, जळगाव, 5'5 '' ,,,
756, हरीश कोतकर, 11-मे -2020 10.10, लोकक्ष, व्यवसायी, नंदुरबार, 5'5 '' ,,,
757, हरीश कोतकर, 11-मे -2020 10.10, लोकक्ष, व्यवसायी, सूरत, 5'5 '' ,,,
758, हरीश कोतकर, 11-मे -2020 10.10, लोकक्ष, व्यवसायी, विदेशी देश, 5'5 '' ,,,
759, हरीश कोतकर, 11-मे -2020 10.10, लोकक्ष, व्यावसायिका, अन्य, 5'5 '' ,,,
760, हरीश कोतकर, 11-मे -2020 10.10, लोकक्ष, एंटरप्रेनर, मुंबई, 5'5 '' ,,,
761, हरीश कोतकर, 11-मे -2020 10.10, लोकक्ष, एंटरप्रेनर, पुणे, 5'5 '' ,,,
762, हरीश कोतकर, 11-मे -2020 10.10, लोकक्ष, एंटरप्रेनर, नासिक, 5'5 '' ,,,
763, हरीश कोतकर, 11-मे -2020 10.10, लोकक्ष, एंटरप्रेनर, नागपूर, 5'5 '' ,,,
764, हरीश कोतकर, 11-मे -2020 10.10, लोकक्ष, एंटरप्रेनर, औरंगाबाद, 5'5 '' ,,,
765, हरीश कोतकर, 11-मे -2020 10.10, लोकक्ष, एंटरप्रेनर, धुळे, 5'5 '' ,,,
766, हरीश कोतकर, 11-मे -2020 10.10, लोकक्ष, एंटरप्रेनर, जळगाव, 5'5 '' ,,,
767, हरीश कोतकर, 11-मे -2020 10.10, लोकक्ष, एंटरप्रेनर, नंदुरबार, 5'5 '' ,,,
768, हरीश कोतकर, 11-मे -2020 10.10, लोकक्ष, एंटरप्रेनर, सूरत, 5'5 '' ,,,
769, हरीश कोतकर, 11-मे -2020 10.10, लोकक्ष, एंटरप्रेनर, विदेशी देश, 5'5 '' ,,,
770, हरीश कोतकर, 11-मे -2020 10.10, लोकक्ष, एंटरप्रेनर, अन्य, 5'5 '' ,,,
771, हरीश कोतकर, 11-मे -2020 10.10, लोकक्ष, बिल्डर, मुंबई, 5'5 '' ,,,
772, हरीश कोतकर, 11-मे -2020 10.10, लोकक्ष, बिल्डर, पुणे, 5'5 '' ,,,
773, हरीश कोतकर, 11-मे -2020 10.10, लोकक्ष, बिल्डर, नासिक, 5'5 '' ,,,
774, हरीश कोतकर, 11-मे -2020 10.10, लोकक्ष, बिल्डर, नागपूर, 5'5 '' ,,,
775, हरीश कोतकर, 11-मे -2020 10.10, लोकक्ष, बिल्डर, औरंगाबाद, 5'5 '' ,,,
776, हरीश कोतकर, 11-मे -2020 10.10, लोकक्ष, बिल्डर, धुळे, 5'5 '' ,,,
777, हरीश कोतकर, 11-मे -2020 10.10, लोकक्ष, बिल्डर, जळगाव, 5'5 '' ,,,
778, हरीश कोतकर, 11-मे -2020 10.10, लोकक्ष, बिल्डर, नंदुरबार, 5'5 '' ,,,
779, हरीश कोतकर, 11-मे -2020 10.10, लोकक्ष, बिल्डर, सूरत, 5'5 '' ,,,
780, हरीश कोतकर, 11-मे -2020 10.10, लोकक्ष, बिल्डर, विदेशी देश, 5'5 '' ,,,
781, हरीश कोतकर, 11-मे -2020 10.10, लोकक्ष, बिल्डर, अन्य, 5'5 '' ,,,
782, हरीश कोतकर, 11-मे -2020 10.10, लोकक्ष, शिक्षक, मुंबई, 5'5 '',
783, हरीश कोतकर, 11-मे -2020 10.10, लोकक्ष, शिक्षक, पुणे, 5'5 '' ,,,
784, हरीश कोतकर, 11-मे -2020 10.10, लोकक्ष, शिक्षक, नाशिक, 5'5 '' ,,,
785, हरीश कोतकर, 11-मे -2020 10.10, लोकक्ष, शिक्षक, नागपूर, 5'5 '' ,,,
786, हरीश कोतकर, 11-मे -2020 10.10, लोकक्ष, शिक्षक, औरंगाबाद, 5'5 '',
787, हरीश कोतकर, 11-मे -2020 10.10, लोकक्ष, शिक्षक, धुळे, 5'5 '' ,,,
788, हरीश कोतकर, 11-मे -2020 10.10, लोकक्ष, शिक्षक, जळगाव, 5'5 '' ,,,
789, हरीश कोतकर, 11-मे -2020 10.10, लोकक्ष, शिक्षक, नंदुरबार, 5'5 '' ,,,
790, हरीश कोतकर, 11-मे -2020 10.10, लोकक्ष, शिक्षक, सूरत, 5'5 '' ,,,
790, हरीश कोतकर, ११-मे -२०१० १०.१०, लोकक्ष, शिक्षक, विदेशी देश,''5 '' ,,,
790, हरीश कोतकर, 11-मे -2020 10.10, लोकक्ष, शिक्षक, इतर, 5'5 '' ,,,
790, हरीश कोतकर, 11-मे -2020 10.10, लोकक्ष, फरमार, मुंबई, 5'5 '' ,,,
790, हरीश कोतकर, 11-मे -2020 10.10, लोकक्ष, फरमार, पुणे, 5'5 '' ,,,
790, हरीश कोतकर, 11-मे -2020 10.10, लोकक्ष, फरमार, नासिक, 5'5 '' ,,,
790, हरीश कोतकर, 11-मे -2020 10.10, लोकक्ष, फरमार, नागपूर, 5'5 '' ,,,
790, हरीश कोतकर, 11-मे -2020 10.10, लोकक्ष, फरमार, औरंगाबाद, 5'5 '' ,,,
790, हरीश कोतकर, 11-मे -2020 10.10, लोकक्ष, फरमार, धुळे, 5'5 '' ,,,
799, हरीश कोतकर, 11-मे -2020 10.10, लोकक्ष, फरमार, जळगाव, 5'5 '' ,,,
800, हरीश कोतकर, 11-मे -2020 10.10, लोकक्ष, फरमार, नंदुरबार, 5'5 '' ,,,
801, हरीश कोतकर, 11-मे -2020 10.10, लोकक्ष, फरमार, सूरत, 5'5 '' ,,,
802, हरीश कोतकर, 11-मे -2020 10.10, लोकक्ष, फरमार, परदेशी देश, 5'5 '' ,,,
803, हरीश कोतकर, 11-मे -2020 10.10, लोकक्ष, फरमार, अन्य, 5'5 '' ,,,
804, हरीश कोतकर, 11-मे -2020 10.10, लोकक्ष, बँक मॅनेजर, मुंबई, 5'5 '' ,,,
805, हरीश कोतकर, 11-मे -2020 10.10, लोकक्ष, बँक मॅनेजर, पुणे, 5'5 '' ,,,
806, हरीश कोतकर, 11-मे -2020 10.10, लोकक्ष, बँक मॅनेजर, नाशिक, 5'5 '' ,,,
807, हरीश कोतकर, 11-मे -2020 10.10, लोकक्ष, बँक मॅनेजर, नागपूर, 5'5 '' ,,,
808, हरीश कोतकर, 11-मे -2020 10.10, लोकक्ष, बँक मॅनेजर, औरंगाबाद, 5'5 '' ,,,
809, हरीश कोतकर, 11-मे -2020 10.10, लोकक्ष, बँक मॅनेजर, धुळे, 5'5 '' ,,,
810, हरीश कोतकर, 11-मे -2020 10.10, लोकक्ष, बँक मॅनेजर, जळगाव, 5'5 '' ,,,
811, हरीश कोतकर, 11-मे -2020 10.10, लोकक्ष, बँक मॅनेजर, नंदुरबार, 5'5 '' ,,,
812, हरीश कोतकर, 11-मे -2020 10.10, लोकक्ष, बँक मॅनेजर, सूरत, 5'5 '' ,,,
813, हरीश कोतकर, 11-मे -2020 10.10, लोकक्ष, बँक मॅनेजर, फॉरेनकंट्री, 5'5 '' ,,,
814, हरीश कोतकर, 11-मे -2020 10.10, लोकक्ष, बँक मॅनेजर, अन्य, 5'5 '' ,,,
815, हरीश कोतकर, 11-मे -2020 10.10, लोकक्ष, फार्मासिस्ट, मुंबई, 5'5 '' ,,,
816, हरीश कोतकर, 11-मे -2020 10.10, लोकक्ष, फार्मासिस्ट, पुणे, 5'5 '' ,,,
817, हरीश कोतकर, 11-मे -2020 10.10, लोकक्ष, फार्मासिस्ट, नाशिक, 5'5 '' ,,,
818, हरीश कोतकर, 11-मे -2020 10.10, लोकक्ष, फार्मासिस्ट, नागपूर, 5'5 '' ,,,
819, हरीश कोतकर, 11-मे -2020 10.10, लोकक्ष, फार्मासिस्ट, औरंगाबाद, 5'5 '' ,,,
820, हरीश कोतकर, 11-मे -2020 10.10, लोकक्ष, फार्मासिस्ट, धुळे, 5'5 '' ,,,
821, हरीश कोतकर, 11-मे -2020 10.10, लोकक्ष, फार्मासिस्ट, जळगाव, 5'5 '' ,,,
822, हरीश कोतकर, 11-मे -2020 10.10, लोकक्ष, फार्मासिस्ट, नंदुरबार, 5'5 '' ,,,
823, हरीश कोतकर, 11-मे -2020 10.10, लोकक्ष, फार्मासिस्ट, सूरत, 5'5 '' ,,,
824, हरीश कोतकर, 11-मे -2020 10.10, लोकक्ष, फार्मासिस्ट, फॉरेनकंट्री, 5'5 '' ,,,
825, हरीश कोतकर, 11-मे -2020 10.10, लोकक्ष, फार्मासिस्ट, अन्य, 5'5 '' ,,,
826, हरीश कोतकर, 11-मे -2020 10.10, लोकक्ष, एमआर, मुंबई, 5'5 '',
827, हरीश कोतकर, 11-मे -2020 10.10, लोकक्ष, एमआर, पुणे, 5'5 '' ,,,
828, हरीश कोतकर, 11-मे -2020 10.10, लोकक्ष, एमआर, नासिक, 5'5 '' ,,,
829, हरीश कोतकर, 11-मे -2020 10.10, लोकक्ष, एमआर, नागपूर, 5'5 '' ,,,
830, हरीश कोतकर, 11-मे -2020 10.10, लोकक्ष, एमआर, औरंगाबाद, 5'5 '' ,,,
831, हरीश कोतकर, 11-मे -2020 10.10, लोकक्ष, एमआर, धुळे, 5'5 '' ,,,
832, हरीश कोतकर, 11-मे -2020 10.10, लोकक्ष, एमआर, जळगाव, 5'5 '' ,,,
833, हरीश कोतकर, 11-मे -2020 10.10, लोकक्ष, एमआर, नंदुरबार, 5'5 '' ,,,
834, हरीश कोतकर, 11-मे -2020 10.10, लोकक्ष, एमआर, सूरत, 5'5 '' ,,,
835, हरीश कोतकर, 11-मे -2020 10.10, लोकक्ष, एमआर, परदेशी देश, 5'5 '' ,,,
836, हरीश कोतकर, 11-मे -2020 10.10, लोकक्ष, एमआर, अन्य, 5'5 '' ,,,
837, हरीश कोतकर, 11-मे -2020 10.10, लोकक्ष, विमा प्रशासन, मुंबई, 5'5 '' ,,,
838, हरीश कोतकर, 11-मे -2020 10.10, लोकक्ष, विमा प्रशासन, पुणे, 5'5 '' ,,,
839, हरीश कोतकर, 11-मे -2020 10.10, लोकक्ष, विमा-सल्लागार, नासिक, 5'5 '' ,,,
840, हरीश कोतकर, 11-मे -2020 10.10, लोकक्ष, विमा प्रशासन, नागपूर, 5'5 '' ,,,
790, हरीश कोतकर, ११-मे -२०१० १०.१०, लोकक्ष, विमा सल्लागार, औरंगाबाद,''5 '' ,,,
790, हरीश कोतकर, ११-मे -२०१० १०.१०, लोकक्ष, विमा सल्लागार, धुळे,''5 '' ,,,
790, हरीश कोतकर, ११-मे -२०१० १०.१०, लोकक्ष, विमाअडव्हायझर, जळगाव,''5 '' ,,,
790, हरीश कोतकर, ११-मे -२०१० १०.१०, लोकक्ष, विमाअडव्हायझर, नंदुरबार,''5 '' ,,,
790, हरीश कोतकर, 11-मे -2020 10.10, लोकक्ष, विमा सल्लागार, सूरत, 5'5 '' ,,,
790, हरीश कोतकर, ११-मे -२०१० १०.१०, लोकक्ष, विमा-vडव्हायझर, फॉरेन कंट्री,''5 '' ,,,
790, हरीश कोतकर, ११-मे -२०१० १०.१०, लोकक्ष, विमाअडव्हायझर, अन्य,''5 '' ,,,
848, हरीश कोतकर, 11-मे -2020 10.10, लोकक्ष, अन्य, मुंबई, 5'5 '' ,,,
790, हरीश कोतकर, 11-मे -2020 10.10, लोकक्ष, अन्य, पुणे, 5'5 '' ,,,
850, हरीश कोतकर, 11-मे -2020 10.10, लोकक्ष, अन्य, नासिक, 5'5 '' ,,,
851, हरीश कोतकर, 11-मे -2020 10.10, लोकक्ष, अन्य, नागपूर, 5'5 '' ,,,
852, हरीश कोतकर, 11-मे -2020 10.10, लोकक्ष, अन्य, औरंगाबाद, 5'5 '' ,,,
853, हरीश कोतकर, 11-मे -2020 10.10, लोकक्ष, अन्य, धुळे, 5'5 '' ,,,
854, हरीश कोतकर, 11-मे -2020 10.10, लोकक्ष, अन्य, जळगाव, 5'5 '' ,,,
855, हरीश कोतकर, 11-मे -2020 10.10, लोकक्ष, अन्य, नंदुरबार, 5'5 '' ,,,
856, हरीश कोतकर, 11-मे -2020 10.10, लोकक्ष, अन्य, सूरत, 5'5 '' ,,,
857, हरीश कोतकर, 11-मे -2020 10.10, लोकक्ष, अन्य, परदेशी देश, 5'5 '' ,,,
858, हरीश कोतकर, 11-मे -2020 10.10, लोकक्ष, अन्य, अन्य, 5'5 '' ,,,
